SensorId, QuatW, QuatX, QuatY, QuatZ, LinAccX (g), LinAccY (g), LinAccZ (g)
2.0,0.63690001,-0.76889998,-0.0396,0.0375,0.004,0.005,0.009
2.0,0.63690001,-0.76889998,-0.0396,0.0375,0.003,0.003,0.009
2.0,0.63690001,-0.76889998,-0.0395,0.0375,0.004,0.0,0.008
2.0,0.63690001,-0.76889998,-0.0395,0.0376,0.005,0.001,0.005
2.0,0.63679999,-0.76899999,-0.0394,0.0377,0.005,0.003,0.003
2.0,0.63669997,-0.76909995,-0.0394,0.0377,0.004,0.005,0.001
2.0,0.63659996,-0.76909995,-0.0394,0.0378,-0.001,0.005,0.004
2.0,0.63659996,-0.76919997,-0.0394,0.0379,-0.005,0.005,0.005
2.0,0.63659996,-0.76919997,-0.0394,0.0379,-0.006,0.002,0.005
2.0,0.63659996,-0.76919997,-0.0395,0.038,-0.005,0.002,0.004
2.0,0.63659996,-0.76919997,-0.0395,0.0381,-0.003,0.001,0.005
2.0,0.63659996,-0.76919997,-0.0395,0.0381,0.0,0.001,0.007
2.0,0.6365,-0.76919997,-0.0395,0.0382,-0.001,0.002,0.006
2.0,0.6365,-0.76919997,-0.0394,0.0383,-0.001,0.001,0.005
2.0,0.6365,-0.76919997,-0.0394,0.0383,0.0,0.0,0.007
2.0,0.6365,-0.76919997,-0.0393,0.0384,0.001,0.0,0.004
2.0,0.63639998,-0.76929998,-0.0392,0.0385,0.001,0.0,0.004
2.0,0.63639998,-0.76929998,-0.0391,0.0386,0.0,0.0,0.006
2.0,0.63639998,-0.76929998,-0.0389,0.0386,0.003,0.003,0.005
2.0,0.63629997,-0.7694,-0.0388,0.0387,0.003,0.004,0.004
2.0,0.63629997,-0.7694,-0.0386,0.0387,0.005,0.003,0.004
2.0,0.63620001,-0.76949996,-0.0385,0.0388,0.005,0.005,0.004
2.0,0.63620001,-0.76949996,-0.0384,0.0388,0.003,0.007,0.004
2.0,0.63620001,-0.76949996,-0.0383,0.0388,0.004,0.007,0.006
2.0,0.63620001,-0.76949996,-0.0382,0.0387,0.003,0.005,0.008
2.0,0.63620001,-0.76949996,-0.038,0.0387,0.003,0.004,0.007
2.0,0.63609999,-0.76959997,-0.0378,0.0388,0.005,0.005,0.006
2.0,0.63609999,-0.76959997,-0.0376,0.0388,0.006,0.004,0.005
2.0,0.63609999,-0.76969999,-0.0374,0.0388,0.003,0.003,0.002
2.0,0.63599998,-0.76969999,-0.0373,0.0388,0.0,0.002,0.002
2.0,0.63599998,-0.76969999,-0.0372,0.0387,-0.002,0.003,0.003
2.0,0.63599998,-0.76980001,-0.0371,0.0387,-0.004,0.0,0.003
2.0,0.63589996,-0.76980001,-0.0369,0.0387,-0.002,-0.001,0.003
2.0,0.63589996,-0.76980001,-0.0367,0.0387,0.0,-0.001,0.002
2.0,0.63589996,-0.76980001,-0.0366,0.0387,0.0,0.0,0.002
2.0,0.63589996,-0.76989996,-0.0364,0.0387,-0.003,0.0,0.001
2.0,0.6358,-0.76989996,-0.0363,0.0388,-0.005,0.0,0.0
2.0,0.6358,-0.76989996,-0.0362,0.0388,-0.006,0.0,0.001
2.0,0.6358,-0.76989996,-0.036,0.0389,-0.004,-0.001,0.001
2.0,0.6358,-0.76999998,-0.0358,0.039,-0.003,0.0,0.0
2.0,0.63569999,-0.76999998,-0.0356,0.0391,-0.001,0.002,0.001
2.0,0.63569999,-0.76999998,-0.0355,0.0392,-0.004,0.004,0.002
2.0,0.63569999,-0.76999998,-0.0353,0.0393,-0.003,0.003,0.004
2.0,0.63569999,-0.76999998,-0.0351,0.0393,0.001,0.001,0.006
2.0,0.63569999,-0.76999998,-0.0349,0.0394,0.005,0.0,0.003
2.0,0.63569999,-0.7701,-0.0346,0.0395,0.008,0.0,0.0
2.0,0.63569999,-0.7701,-0.0343,0.0396,0.01,0.0,-0.001
2.0,0.63569999,-0.7701,-0.034,0.0397,0.011,0.0,0.0
2.0,0.63559997,-0.7701,-0.0338,0.0397,0.012,0.001,0.0
2.0,0.63559997,-0.77019995,-0.0335,0.0398,0.011,0.004,-0.001
2.0,0.63559997,-0.77019995,-0.0332,0.0399,0.014,0.005,0.0
2.0,0.63559997,-0.77019995,-0.0329,0.04,0.015,0.007,0.0
2.0,0.63559997,-0.77019995,-0.0327,0.04,0.015,0.007,0.0
2.0,0.63559997,-0.77019995,-0.0325,0.04,0.01,0.005,0.0
2.0,0.63569999,-0.7701,-0.0324,0.04,0.007,0.001,0.002
2.0,0.6358,-0.7701,-0.0322,0.0399,0.007,0.001,0.003
2.0,0.63589996,-0.76999998,-0.032,0.0398,0.005,0.0,0.003
2.0,0.63589996,-0.76999998,-0.0319,0.0398,0.006,0.003,0.002
2.0,0.63599998,-0.76989996,-0.0318,0.0398,0.007,0.005,0.004
2.0,0.63609999,-0.76980001,-0.0317,0.0397,0.004,0.003,0.004
2.0,0.63609999,-0.76980001,-0.0317,0.0397,0.001,0.004,0.002
2.0,0.63620001,-0.76980001,-0.0317,0.0396,0.0,0.006,0.001
2.0,0.63620001,-0.76969999,-0.0318,0.0396,0.001,0.003,0.002
2.0,0.63629997,-0.76969999,-0.0318,0.0395,0.001,0.0,0.003
2.0,0.63639998,-0.76959997,-0.0318,0.0395,0.004,0.0,0.002
2.0,0.6365,-0.76949996,-0.0317,0.0394,0.006,0.001,0.003
2.0,0.6365,-0.76949996,-0.0317,0.0394,0.006,0.001,0.002
2.0,0.63659996,-0.7694,-0.0318,0.0393,0.005,0.002,0.002
2.0,0.63669997,-0.7694,-0.0318,0.0392,0.005,0.0,0.004
2.0,0.63679999,-0.76929998,-0.0317,0.0392,0.005,0.002,0.006
2.0,0.63690001,-0.76919997,-0.0317,0.0392,0.005,0.004,0.003
2.0,0.63690001,-0.76919997,-0.0317,0.0391,0.006,0.005,0.003
2.0,0.63699996,-0.76909995,-0.0317,0.0391,0.007,0.004,0.004
2.0,0.63709998,-0.76899999,-0.0317,0.039,0.004,0.003,0.004
2.0,0.6372,-0.76899999,-0.0317,0.039,0.003,0.001,0.005
2.0,0.63729995,-0.76889998,-0.0317,0.0389,0.004,0.001,0.005
2.0,0.63739997,-0.76879996,-0.0315,0.0389,0.006,0.002,0.003
2.0,0.63749999,-0.7687,-0.0315,0.0389,0.006,0.004,0.003
2.0,0.63749999,-0.7687,-0.0314,0.0389,0.007,0.006,0.004
2.0,0.6376,-0.7687,-0.0314,0.0389,0.006,0.007,0.005
2.0,0.63769996,-0.76859999,-0.0314,0.0389,0.004,0.005,0.005
2.0,0.63779998,-0.76849997,-0.0314,0.0389,0.004,0.001,0.005
2.0,0.63789999,-0.76839995,-0.0314,0.0388,0.004,0.001,0.004
2.0,0.63800001,-0.7683,-0.0314,0.0388,0.004,0.001,0.005
2.0,0.63809997,-0.7683,-0.0315,0.0387,0.003,0.001,0.004
2.0,0.63819999,-0.76819998,-0.0316,0.0387,0.0,0.002,0.006
2.0,0.6383,-0.76809996,-0.0317,0.0387,-0.002,0.001,0.007
2.0,0.63839996,-0.76800001,-0.0318,0.0387,-0.003,0.0,0.005
2.0,0.63839996,-0.76789999,-0.0318,0.0387,0.0,0.0,0.003
2.0,0.63849998,-0.76789999,-0.0318,0.0388,0.0,0.0,0.002
2.0,0.63859999,-0.76779997,-0.0317,0.0389,0.003,0.003,0.005
2.0,0.63859999,-0.76779997,-0.0317,0.0389,0.004,0.004,0.004
2.0,0.63870001,-0.76779997,-0.0317,0.039,0.004,0.005,0.004
2.0,0.63870001,-0.76769996,-0.0317,0.039,0.002,0.004,0.004
2.0,0.63879997,-0.7676,-0.0318,0.039,0.0,0.003,0.006
2.0,0.63889998,-0.7676,-0.032,0.0389,-0.002,0.006,0.007
2.0,0.639,-0.76749998,-0.0321,0.0389,-0.006,0.003,0.01
2.0,0.63909996,-0.76739997,-0.0324,0.0389,-0.009,0.001,0.01
2.0,0.63919997,-0.76730001,-0.0326,0.0389,-0.007,0.0,0.011
2.0,0.63919997,-0.76719999,-0.0327,0.0389,-0.004,0.0,0.008
2.0,0.63929999,-0.76719999,-0.0329,0.0389,-0.002,0.0,0.006
2.0,0.63929999,-0.76719999,-0.033,0.039,-0.001,0.0,0.004
2.0,0.63929999,-0.76719999,-0.0331,0.039,-0.004,0.003,0.004
2.0,0.63929999,-0.76709998,-0.0333,0.039,-0.012,0.004,0.005
2.0,0.63929999,-0.76709998,-0.0335,0.0391,-0.016,0.006,0.004
2.0,0.63940001,-0.76709998,-0.0337,0.0391,-0.012,0.004,0.006
2.0,0.63940001,-0.76699996,-0.0339,0.0392,-0.009,0.001,0.007
2.0,0.63949996,-0.7669,-0.0341,0.0392,-0.004,0.0,0.009
2.0,0.63949996,-0.7669,-0.0343,0.0393,-0.002,-0.003,0.007
2.0,0.63959998,-0.7669,-0.0344,0.0393,0.002,-0.002,0.006
2.0,0.63959998,-0.7669,-0.0344,0.0394,0.006,-0.001,0.005
2.0,0.63959998,-0.7669,-0.0345,0.0395,0.005,0.0,0.003
2.0,0.63949996,-0.7669,-0.0345,0.0395,0.002,0.005,0.001
2.0,0.63949996,-0.7669,-0.0346,0.0396,0.0,0.008,0.002
2.0,0.63949996,-0.7669,-0.0347,0.0396,0.001,0.005,0.005
2.0,0.63959998,-0.76679999,-0.0348,0.0396,0.0,0.002,0.005
2.0,0.63959998,-0.76679999,-0.035,0.0395,0.0,0.0,0.003
2.0,0.6397,-0.76669997,-0.0351,0.0395,0.001,-0.001,0.004
2.0,0.63980001,-0.76669997,-0.0351,0.0395,0.004,-0.001,0.007
2.0,0.63980001,-0.76659995,-0.0351,0.0395,0.005,0.002,0.008
2.0,0.63989997,-0.76659995,-0.0351,0.0395,0.003,0.003,0.008
2.0,0.63989997,-0.76659995,-0.0351,0.0396,0.0,0.004,0.006
2.0,0.63989997,-0.76659995,-0.0351,0.0396,0.0,0.004,0.004
2.0,0.63980001,-0.76659995,-0.0351,0.0397,-0.001,0.001,0.0
2.0,0.63980001,-0.76659995,-0.0351,0.0398,-0.003,0.0,0.0
2.0,0.63980001,-0.76659995,-0.0352,0.0398,-0.001,0.002,0.0
2.0,0.63989997,-0.76659995,-0.0353,0.0398,0.0,0.004,0.004
2.0,0.63989997,-0.7665,-0.0353,0.0397,0.002,0.004,0.006
2.0,0.63989997,-0.7665,-0.0354,0.0397,0.004,0.003,0.006
2.0,0.63999999,-0.7665,-0.0354,0.0396,0.01,0.006,0.005
2.0,0.63999999,-0.76639998,-0.0354,0.0396,0.01,0.006,0.005
2.0,0.63999999,-0.76639998,-0.0354,0.0395,0.008,0.004,0.004
2.0,0.6401,-0.76639998,-0.0354,0.0394,0.004,0.004,0.004
2.0,0.6401,-0.76639998,-0.0355,0.0394,-0.002,0.002,0.003
2.0,0.6401,-0.76629996,-0.0357,0.0394,-0.008,0.0,0.003
2.0,0.64019996,-0.76629996,-0.0359,0.0394,-0.011,0.002,0.003
2.0,0.64019996,-0.76629996,-0.036,0.0393,-0.012,0.011,0.004
2.0,0.64019996,-0.76629996,-0.0361,0.0393,-0.011,0.012,0.01
2.0,0.64019996,-0.76620001,-0.0361,0.0393,-0.009,0.013,0.015
2.0,0.64029998,-0.76620001,-0.0361,0.0394,-0.011,0.01,0.016
2.0,0.64039999,-0.76609999,-0.0361,0.0395,-0.007,-0.002,0.013
2.0,0.64039999,-0.76609999,-0.0359,0.0396,-0.002,-0.011,0.011
2.0,0.64039999,-0.76609999,-0.0358,0.0397,-0.008,-0.014,0.003
2.0,0.64039999,-0.76609999,-0.0358,0.0398,-0.02,-0.014,0.001
2.0,0.64029998,-0.76609999,-0.0357,0.0399,-0.03,-0.01,0.004
2.0,0.64029998,-0.76620001,-0.0357,0.0401,-0.037,-0.001,0.006
2.0,0.64019996,-0.76620001,-0.0355,0.0404,-0.04,0.005,0.01
2.0,0.6401,-0.76629996,-0.0352,0.0408,-0.032,0.007,0.013
2.0,0.63999999,-0.76639998,-0.0347,0.0412,-0.016,0.005,0.016
2.0,0.63989997,-0.7665,-0.0341,0.0417,-0.003,0.005,0.013
2.0,0.63980001,-0.7665,-0.0336,0.0422,0.005,0.001,0.011
2.0,0.6397,-0.76659995,-0.0331,0.0427,0.013,0.003,0.01
2.0,0.63959998,-0.76669997,-0.0327,0.0431,0.019,0.004,0.008
2.0,0.63940001,-0.7669,-0.0323,0.0435,0.023,0.005,0.008
2.0,0.63919997,-0.76699996,-0.0319,0.0438,0.027,0.005,0.006
2.0,0.63909996,-0.76709998,-0.0316,0.0441,0.034,0.007,0.005
2.0,0.63889998,-0.76730001,-0.0313,0.0443,0.041,0.008,0.004
2.0,0.63879997,-0.76739997,-0.031,0.0444,0.041,0.001,0.001
2.0,0.63870001,-0.76749998,-0.0307,0.0444,0.041,0.001,0.0
2.0,0.63849998,-0.7676,-0.0305,0.0444,0.039,0.0,0.0
2.0,0.63839996,-0.76769996,-0.0305,0.0444,0.031,-0.004,0.0
2.0,0.6383,-0.76779997,-0.0306,0.0443,0.025,-0.004,-0.005
2.0,0.63819999,-0.76789999,-0.0308,0.0442,0.025,-0.002,-0.004
2.0,0.63809997,-0.76800001,-0.031,0.044,0.021,-0.002,-0.001
2.0,0.63800001,-0.76809996,-0.0314,0.0438,0.018,-0.001,0.0
2.0,0.63789999,-0.76809996,-0.0318,0.0436,0.019,0.006,0.003
2.0,0.63779998,-0.76819998,-0.0324,0.0432,0.017,0.013,0.008
2.0,0.63779998,-0.76819998,-0.033,0.0428,0.017,0.017,0.013
2.0,0.63779998,-0.76819998,-0.0336,0.0424,0.019,0.012,0.02
2.0,0.63769996,-0.7683,-0.0342,0.0419,0.02,0.007,0.02
2.0,0.6376,-0.7683,-0.0349,0.0413,0.016,0.008,0.015
2.0,0.6376,-0.76839995,-0.0357,0.0407,0.011,0.014,0.013
2.0,0.63749999,-0.76849997,-0.0365,0.04,0.001,0.014,0.015
2.0,0.63749999,-0.76849997,-0.0373,0.0392,-0.011,0.014,0.019
2.0,0.63739997,-0.76849997,-0.038,0.0384,-0.015,0.012,0.025
2.0,0.63729995,-0.76859999,-0.0386,0.0378,-0.013,0.015,0.024
2.0,0.6372,-0.7687,-0.0392,0.0372,-0.01,0.009,0.019
2.0,0.63709998,-0.76879996,-0.0396,0.0367,-0.003,-0.002,0.018
2.0,0.63699996,-0.76889998,-0.04,0.0362,0.001,-0.004,0.021
2.0,0.63679999,-0.76899999,-0.0403,0.0358,0.002,-0.005,0.023
2.0,0.63659996,-0.76919997,-0.0405,0.0355,0.0,-0.004,0.022
2.0,0.63629997,-0.7694,-0.0407,0.0352,0.001,-0.003,0.018
2.0,0.63609999,-0.76969999,-0.0408,0.0349,-0.007,-0.004,0.011
2.0,0.6358,-0.76989996,-0.041,0.0346,-0.016,0.005,0.009
2.0,0.63559997,-0.7701,-0.0412,0.0343,-0.025,0.008,0.016
2.0,0.63529998,-0.77029997,-0.0415,0.0339,-0.034,0.002,0.017
2.0,0.63510001,-0.7705,-0.0417,0.0336,-0.027,-0.001,0.017
2.0,0.63489997,-0.77069998,-0.0419,0.0332,-0.026,-0.015,0.019
2.0,0.63459998,-0.77089995,-0.0421,0.0329,-0.026,-0.019,0.023
2.0,0.63429999,-0.77109998,-0.0423,0.0326,-0.03,-0.011,0.024
2.0,0.634,-0.77139997,-0.0425,0.0325,-0.034,-0.007,0.023
2.0,0.6336,-0.77169997,-0.0427,0.0324,-0.036,-0.005,0.022
2.0,0.63309997,-0.77209997,-0.0428,0.0325,-0.045,-0.002,0.015
2.0,0.63260001,-0.77249998,-0.0427,0.0326,-0.039,-0.002,0.009
2.0,0.63209999,-0.77289999,-0.0425,0.0327,-0.028,-0.006,0.005
2.0,0.63169998,-0.77329999,-0.0424,0.0326,-0.032,-0.021,0.004
2.0,0.63119996,-0.7737,-0.0424,0.0324,-0.028,-0.033,0.01
2.0,0.63080001,-0.77399999,-0.0424,0.0323,-0.032,-0.034,0.015
2.0,0.6304,-0.77429998,-0.0422,0.0323,-0.025,-0.037,0.013
2.0,0.62989998,-0.77469999,-0.042,0.0326,0.003,-0.033,0.008
2.0,0.62939996,-0.77520001,-0.0418,0.0329,0.024,-0.024,0.005
2.0,0.62879997,-0.77559996,-0.0417,0.0331,0.006,-0.009,0.015
2.0,0.62830001,-0.77599996,-0.0416,0.0331,-0.022,0.004,0.035
2.0,0.6279,-0.77639997,-0.0412,0.0331,-0.036,0.001,0.041
2.0,0.62769997,-0.7766,-0.0406,0.0334,-0.012,0.006,0.037
2.0,0.6275,-0.77679998,-0.04,0.0338,0.02,0.007,0.051
2.0,0.62729996,-0.77689999,-0.0396,0.0339,0.042,0.013,0.06900001
2.0,0.62720001,-0.77700001,-0.0398,0.0336,0.03,-0.004,0.059
2.0,0.62709999,-0.77709997,-0.0407,0.0327,0.002,0.004,0.036
2.0,0.62739998,-0.77689999,-0.0421,0.0314,-0.033,0.008,0.016
2.0,0.62739998,-0.77679998,-0.0441,0.0294,-0.06500001,0.014,0.006
2.0,0.62759995,-0.7766,-0.0461,0.0275,-0.08400001,0.004,0.023
2.0,0.62729996,-0.77679998,-0.0482,0.0255,-0.07,0.004,0.0
2.0,0.6268,-0.77709997,-0.0499,0.024,-0.033,0.008,-0.039
2.0,0.62639999,-0.77739996,-0.0513,0.0229,-0.008,0.019,-0.056
2.0,0.62559998,-0.77789998,-0.0526,0.0217,0.005,0.022,-0.057
2.0,0.62489998,-0.7784,-0.0538,0.0205,0.007,0.028,-0.03
2.0,0.6243,-0.77899998,-0.0546,0.0195,-0.007,0.034,-0.025
2.0,0.62360001,-0.77950001,-0.0548,0.019,-0.014,0.032,-0.048
2.0,0.62309998,-0.77989995,-0.0543,0.019,0.009,0.018,-0.072
2.0,0.62259996,-0.78039998,-0.0536,0.0191,0.027,0.011,-0.061
2.0,0.62199998,-0.7809,-0.0528,0.0195,0.021,0.016,-0.035
2.0,0.62149996,-0.78139997,-0.0517,0.02,-0.005,0.013,-0.025
2.0,0.62089998,-0.78189999,-0.0502,0.0209,-0.006,0.005,-0.027
2.0,0.62040001,-0.78239995,-0.0485,0.022,0.023,-0.008,-0.038
2.0,0.61979997,-0.78289998,-0.0468,0.0232,0.068,-0.021,-0.049
2.0,0.61909997,-0.78349996,-0.0453,0.0244,0.081,-0.016,-0.06500001
2.0,0.61829996,-0.78419995,-0.0442,0.0251,0.074,-0.003,-0.059
2.0,0.61759996,-0.78479999,-0.0435,0.0254,0.067,0.003,-0.052
2.0,0.61699998,-0.78529996,-0.0431,0.0254,0.044,0.006,-0.051
2.0,0.6164,-0.78569996,-0.0429,0.0253,0.037,0.004,-0.063
2.0,0.61589998,-0.78609997,-0.0429,0.0251,0.059,0.0,-0.06900001
2.0,0.61549997,-0.78649998,-0.043,0.0247,0.08000001,-0.007,-0.075
2.0,0.61519998,-0.78669995,-0.0434,0.0239,0.074,-0.013,-0.057
2.0,0.61500001,-0.78689998,-0.0441,0.023,0.06900001,-0.005,-0.04
2.0,0.61489999,-0.78689998,-0.0449,0.0217,0.05,0.001,-0.019
2.0,0.61500001,-0.78689998,-0.0457,0.0205,0.045,0.012,0.001
2.0,0.61500001,-0.78679997,-0.0464,0.0196,0.054,0.015,0.023
2.0,0.61509997,-0.78679997,-0.0467,0.0191,0.049,0.009,0.033
2.0,0.61509997,-0.78669995,-0.0469,0.019,0.032,0.007,0.036
2.0,0.61519998,-0.78669995,-0.0467,0.019,0.042,0.01,0.035
2.0,0.6153,-0.78659999,-0.0465,0.0193,0.033,0.008,0.034
2.0,0.6153,-0.78659999,-0.0464,0.0196,0.018,0.013,0.026
2.0,0.6153,-0.78659999,-0.0464,0.0199,0.028,0.016,0.013
2.0,0.6153,-0.78659999,-0.0463,0.0204,0.007,-0.001,0.024
2.0,0.61519998,-0.78659999,-0.0463,0.021,0.01,0.0,0.01
2.0,0.61509997,-0.78669995,-0.0462,0.0218,0.036,0.001,0.007
2.0,0.61509997,-0.78669995,-0.0463,0.0226,0.029,0.004,0.009
2.0,0.61500001,-0.78669995,-0.0463,0.0234,0.03,0.019,0.001
2.0,0.61509997,-0.78659999,-0.0464,0.0241,0.022,0.031,-0.016
2.0,0.61519998,-0.78649998,-0.0465,0.0246,0.035,0.02,-0.007
2.0,0.61539996,-0.78639996,-0.0466,0.0251,0.061,0.008,0.004
2.0,0.61549997,-0.78619999,-0.0467,0.0258,0.064,0.004,0.021
2.0,0.61570001,-0.78609997,-0.0468,0.0264,0.072,0.004,0.026
2.0,0.61589998,-0.7859,-0.0468,0.0271,0.09200001,0.011,0.026
2.0,0.61610001,-0.78569996,-0.0468,0.0278,0.072,0.028,0.017
2.0,0.6164,-0.78539997,-0.047,0.0285,0.027,0.042,0.028
2.0,0.61669999,-0.78509998,-0.047,0.0292,0.003,0.035,0.033
2.0,0.61699998,-0.78490001,-0.0469,0.03,-0.008,0.019,0.011
2.0,0.61719996,-0.78469998,-0.0466,0.031,-0.017,0.004,-0.005
2.0,0.61729997,-0.78459996,-0.0463,0.0321,0.016,-0.004,-0.006
2.0,0.61719996,-0.78459996,-0.046,0.0333,0.024,-0.006,-0.007
2.0,0.61719996,-0.78459996,-0.0458,0.0345,0.008,-0.011,-0.006
2.0,0.61739999,-0.78439999,-0.0458,0.0356,0.004,-0.02,-0.001
2.0,0.61750001,-0.78419995,-0.0459,0.0367,0.005,-0.017,-0.006
2.0,0.61769998,-0.78399998,-0.046,0.038,-0.001,-0.01,-0.011
2.0,0.61790001,-0.78380001,-0.0461,0.0393,0.007,-0.005,-0.004
2.0,0.61799997,-0.78369999,-0.0463,0.0408,0.005,0.002,-0.002
2.0,0.61809999,-0.78349996,-0.0463,0.0423,-0.004,-0.003,0.0
2.0,0.6182,-0.7834,-0.0463,0.0438,0.009,-0.023,0.0
2.0,0.61829996,-0.78319997,-0.0463,0.0454,0.034,-0.022,-0.005
2.0,0.61839998,-0.78299999,-0.0465,0.0469,0.068,0.019,0.008
2.0,0.61839998,-0.78279996,-0.0468,0.0485,0.064,0.049,0.014
2.0,0.61849999,-0.7827,-0.0468,0.05,0.049,0.018,-0.015
2.0,0.61860001,-0.78259999,-0.0466,0.0516,0.078,0.004,-0.045
2.0,0.61860001,-0.78239995,-0.0465,0.0532,0.08000001,0.015,-0.06
2.0,0.61860001,-0.7823,-0.0464,0.0546,0.06900001,0.006,-0.071
2.0,0.61869997,-0.78219998,-0.0464,0.0558,0.06,0.006,-0.09200001
2.0,0.6189,-0.78189999,-0.0466,0.057,0.038,0.02,-0.09
2.0,0.61919999,-0.7816,-0.0469,0.0581,0.011,0.024,-0.063
2.0,0.61969995,-0.78109998,-0.0469,0.0594,0.015,0.014,-0.031
2.0,0.62029999,-0.78049999,-0.0467,0.0608,0.03,0.0,-0.005
2.0,0.62079996,-0.77999997,-0.0463,0.0623,0.029,-0.014,0.012
2.0,0.62129998,-0.77959996,-0.0458,0.0639,0.029,-0.004,0.023
2.0,0.62169999,-0.7791,-0.0452,0.066,0.016,0.007,0.028
2.0,0.62199998,-0.77859998,-0.0444,0.0683,0.007,0.016,0.02
2.0,0.62239999,-0.77819997,-0.0433,0.0709,0.018,0.029,-0.008
2.0,0.62279999,-0.77770001,-0.0421,0.0735,0.06,0.022,-0.023
2.0,0.62309998,-0.7773,-0.041,0.0759,0.11100001,0.02,-0.036
2.0,0.62339997,-0.77689999,-0.04,0.0782,0.13100001,0.025,-0.052
2.0,0.62369996,-0.77639997,-0.0392,0.0802,0.12900001,0.042,-0.07700001
2.0,0.62419999,-0.77590001,-0.0389,0.0819,0.123,0.072,-0.078
2.0,0.62470001,-0.77529997,-0.0389,0.08329999,0.083,0.09100001,-0.082
2.0,0.62540001,-0.77459997,-0.0392,0.0845,0.016,0.14400001,-0.10200001
2.0,0.62619996,-0.77389997,-0.0396,0.0857,0.015,0.19100001,-0.094
2.0,0.62699997,-0.773,-0.0401,0.08679999,-0.006,0.22000001,-0.082
2.0,0.6279,-0.77219999,-0.0406,0.08769999,-0.014,0.28500003,-0.07600001
2.0,0.62879997,-0.77139997,-0.0408,0.0885,0.038,0.324,-0.058
2.0,0.62970001,-0.7705,-0.0407,0.0895,0.081,0.35800001,-0.015
2.0,0.63089997,-0.7694,-0.0407,0.0902,0.10700001,0.39900002,0.04
2.0,0.63199997,-0.76849997,-0.0404,0.0907,0.148,0.45100003,0.075
2.0,0.63319999,-0.76749998,-0.0395,0.0914,0.162,0.49300003,0.078
2.0,0.63449997,-0.76629996,-0.0379,0.0923,0.13500001,0.45200002,0.074
2.0,0.63609999,-0.76499999,-0.0353,0.0936,0.163,0.44800001,0.079
2.0,0.63809997,-0.7633,-0.0317,0.0947,0.22100002,0.45700002,0.132
2.0,0.64039999,-0.76139998,-0.0272,0.0959,0.29300001,0.42800003,0.163
2.0,0.64289999,-0.75940001,-0.0214,0.0969,0.384,0.347,0.15700001
2.0,0.64559996,-0.7572,-0.0142,0.09779999,0.48400003,0.245,0.101
2.0,0.64840001,-0.75479996,-0.0066,0.098,0.5,0.23100001,0.061
2.0,0.6512,-0.75259995,0.0006,0.0972,0.47200003,0.25600001,0.038
2.0,0.65359998,-0.75059998,0.0074,0.0958,0.46600002,0.24700001,-0.001
2.0,0.65560001,-0.74899995,0.0143,0.0941,0.41200003,0.20600002,-0.057
2.0,0.65719998,-0.74779999,0.0207,0.0913,0.34900001,0.20600002,-0.071
2.0,0.65880001,-0.74669999,0.0263,0.087,0.303,0.22900002,-0.045
2.0,0.65999997,-0.74610001,0.0312,0.08109999,0.26800001,0.23800001,-0.142
2.0,0.66009998,-0.74659997,0.0351,0.0733,0.289,0.28,-0.32900003
2.0,0.66060001,-0.74699998,0.0368,0.0637,0.23800001,0.31200001,-0.42900002
2.0,0.66289997,-0.74579996,0.0362,0.0542,0.11000001,0.27400002,-0.2
2.0,0.66649997,-0.74309999,0.0345,0.0478,-0.19900002,0.057,0.24700001
2.0,0.66949999,-0.74059999,0.034,0.0437,-0.31300002,-0.013,0.24400002
2.0,0.67179996,-0.73879999,0.0349,0.0398,-0.23200001,0.009,0.16700001
2.0,0.67309999,-0.73759997,0.0373,0.0374,-0.28800002,-0.02,0.087
2.0,0.67339998,-0.73719996,0.0408,0.0357,-0.26500002,-0.012,-0.033
2.0,0.67320001,-0.73719996,0.0449,0.034,-0.19000001,-0.043,-0.11800001
2.0,0.67259997,-0.73759997,0.0486,0.0323,-0.14400001,-0.036,-0.17500001
2.0,0.67199999,-0.73799998,0.0518,0.03,-0.16900001,-0.046,-0.193
2.0,0.6717,-0.73820001,0.0543,0.027,-0.20500001,-0.045,-0.19900002
2.0,0.67179996,-0.73809999,0.0559,0.0231,-0.21800001,-0.035,-0.18700001
2.0,0.67229998,-0.7378,0.0566,0.0184,-0.21700001,-0.049,-0.16100001
2.0,0.67299998,-0.73729998,0.0563,0.0129,-0.23900001,-0.11800001,-0.109
2.0,0.67369998,-0.73679996,0.0554,0.0071,-0.30500001,-0.17500001,-0.075
2.0,0.67429996,-0.73640001,0.0542,0.0011,-0.31,-0.22800002,-0.032
2.0,0.67460001,-0.73619998,0.0527,-0.0048,-0.32700002,-0.30700001,-0.007
2.0,0.67439997,-0.73640001,0.051,-0.0107,-0.36500001,-0.33200002,0.007
2.0,0.67390001,-0.73689997,0.0494,-0.0161,-0.37800002,-0.33700001,0.026
2.0,0.67299998,-0.73769999,0.0484,-0.0205,-0.39800003,-0.33600003,0.031
2.0,0.67199999,-0.7385,0.0478,-0.0243,-0.38300002,-0.35300002,0.031
2.0,0.671,-0.73929995,0.0477,-0.0277,-0.41600001,-0.32600001,0.012
2.0,0.67009997,-0.74000001,0.0478,-0.0307,-0.40300003,-0.33000001,0.002
2.0,0.66929996,-0.74059999,0.048,-0.0334,-0.40500003,-0.35000002,0.007
2.0,0.66869998,-0.741,0.0483,-0.036,-0.43700001,-0.33000001,0.039
2.0,0.6681,-0.7414,0.0487,-0.0384,-0.47300002,-0.31,0.053
2.0,0.66729999,-0.74189997,0.0493,-0.0406,-0.47300002,-0.30600002,0.045
2.0,0.66670001,-0.74239999,0.0498,-0.0428,-0.44700003,-0.31500003,0.053
2.0,0.66619998,-0.74259996,0.0502,-0.0451,-0.43400002,-0.30600002,0.064
2.0,0.66579998,-0.7428,0.0502,-0.0478,-0.42700002,-0.28600001,0.07300001
2.0,0.6656,-0.7428,0.0495,-0.051,-0.44600001,-0.26500002,0.082
2.0,0.66549999,-0.74269998,0.0481,-0.0545,-0.45900002,-0.24700001,0.094
2.0,0.66530001,-0.7428,0.0462,-0.0581,-0.45000002,-0.24300002,0.075
2.0,0.66509998,-0.74289995,0.0437,-0.0617,-0.46900001,-0.23700002,0.046
2.0,0.66469997,-0.74299997,0.0409,-0.0654,-0.45400003,-0.21300001,0.052
2.0,0.66399997,-0.74349999,0.0378,-0.069,-0.44200003,-0.193,0.055
2.0,0.6631,-0.74409997,0.034,-0.0728,-0.41300002,-0.11700001,0.022
2.0,0.66209996,-0.74479997,0.0295,-0.0769,-0.40800002,-0.11300001,0.038
2.0,0.66069996,-0.74579996,0.0245,-0.0809,-0.41700003,-0.1,0.045
2.0,0.65859997,-0.74729997,0.0196,-0.0845,-0.35800001,-0.093,-0.008
2.0,0.65630001,-0.74919999,0.0147,-0.0874,-0.30000001,-0.08000001,-0.072
2.0,0.65399998,-0.75099999,0.0098,-0.0893,-0.24100001,-0.06500001,-0.036
2.0,0.65149999,-0.75309998,0.0049,-0.0902,-0.23100001,-0.029,0.017
2.0,0.64879996,-0.75549996,0.0004,-0.0903,-0.20200001,0.027,0.012
2.0,0.64649999,-0.75749999,-0.0033,-0.0894,-0.2,0.049,0.02
2.0,0.64489996,-0.75919998,-0.006,-0.0869,-0.163,0.055,0.08400001
2.0,0.64349997,-0.7608,-0.007,-0.0828,-0.066,0.07300001,0.20900001
2.0,0.64199996,-0.76279998,-0.0054,-0.0762,-0.018,0.058,0.27600002
2.0,0.6401,-0.76519996,-0.0015,-0.0673,0.08800001,0.004,0.22200002
2.0,0.63809997,-0.76769996,0.0041,-0.0573,0.43800002,0.05,0.20900001
2.0,0.63510001,-0.77069998,0.0103,-0.049,0.92500007,0.25300002,0.008
2.0,0.6336,-0.7723,0.0136,-0.0433,0.76800001,0.29700002,0.009
2.0,0.63379997,-0.77219999,0.015,-0.0392,-0.16700001,0.30900002,0.057
2.0,0.63429999,-0.77199996,0.0165,-0.0346,-0.39900002,0.26300001,0.06
2.0,0.63419998,-0.7723,0.0189,-0.0287,0.10200001,0.27600002,0.17
2.0,0.63269997,-0.7737,0.0203,-0.0234,0.69000006,0.141,0.163
2.0,0.63099998,-0.77520001,0.0205,-0.0199,0.67300004,0.022,-0.089
2.0,0.63019997,-0.77590001,0.0197,-0.0179,0.38300002,0.054,-0.245
2.0,0.63019997,-0.77599996,0.018,-0.0166,0.104,0.019,-0.096
2.0,0.63,-0.7762,0.0161,-0.0153,0.023,-0.026,0.055
2.0,0.62939996,-0.77669996,0.0144,-0.014,0.021,-0.046,0.074
2.0,0.62849998,-0.77749997,0.0128,-0.0127,0.08000001,-0.07700001,0.059
2.0,0.62759995,-0.77829999,0.0114,-0.0117,0.12900001,-0.057,0.03
2.0,0.62669998,-0.77899998,0.0099,-0.0111,0.14500001,-0.028,0.019
2.0,0.62599999,-0.77959996,0.0081,-0.0107,0.112,-0.005,0.016
2.0,0.62529999,-0.7802,0.0059,-0.0103,0.071,-0.021,0.025
2.0,0.62459999,-0.78069997,0.0032,-0.0103,0.06,-0.026,0.035
2.0,0.6239,-0.78130001,0.0001,-0.0107,0.075,-0.012,0.056
2.0,0.62309998,-0.78189999,-0.003,-0.0111,0.11000001,-0.011,0.048
2.0,0.62239999,-0.78249997,-0.006,-0.0114,0.126,-0.011,0.033
2.0,0.62180001,-0.78289998,-0.009,-0.0118,0.08000001,-0.002,0.04
2.0,0.62129998,-0.78329998,-0.0119,-0.0123,0.045,-0.005,0.048
2.0,0.62089998,-0.78359997,-0.0147,-0.0126,0.026,0.008,0.041
2.0,0.62049997,-0.78380001,-0.0172,-0.013,0.021,0.022,0.029
2.0,0.62019998,-0.78399998,-0.0194,-0.0132,0.004,0.035,0.019
2.0,0.62,-0.7841,-0.0214,-0.0131,-0.027,0.043,0.015
2.0,0.61979997,-0.78419995,-0.0229,-0.0126,-0.074,0.029,0.023
2.0,0.61969995,-0.78429997,-0.0239,-0.0118,-0.12800001,0.036,0.026
2.0,0.61949998,-0.78439999,-0.0243,-0.0106,-0.119,0.037,0.03
2.0,0.61930001,-0.78459996,-0.0243,-0.0091,-0.081,0.023,0.029
2.0,0.61919999,-0.78469998,-0.0242,-0.0073,-0.046,0.0,0.004
2.0,0.61909997,-0.78479999,-0.0241,-0.0056,-0.045,-0.003,0.005
2.0,0.61909997,-0.78479999,-0.0241,-0.004,-0.049,-0.023,0.017
2.0,0.61909997,-0.78490001,-0.0244,-0.0025,-0.026,-0.025,0.01
2.0,0.61899996,-0.78490001,-0.0248,-0.0012,0.01,-0.005,-0.003
2.0,0.61879998,-0.78509998,-0.0255,-0.0004,0.04,-0.008,-0.004
2.0,0.61849999,-0.78529996,-0.0266,0.0,0.046,-0.002,-0.006
2.0,0.61809999,-0.78549999,-0.0278,0.0001,0.015,-0.002,0.004
2.0,0.6178,-0.78569996,-0.029,0.0003,-0.025,-0.01,0.007
2.0,0.61759996,-0.78579998,-0.0299,0.0006,-0.034,-0.001,0.002
2.0,0.61729997,-0.78599995,-0.0305,0.001,-0.005,-0.007,-0.008
2.0,0.61689997,-0.7863,-0.031,0.0016,0.017,-0.005,-0.034
2.0,0.61659998,-0.78659999,-0.0316,0.0022,0.026,0.0,-0.053
2.0,0.61619997,-0.78679997,-0.0321,0.0028,0.024,0.0,-0.051
2.0,0.61589998,-0.787,-0.0328,0.0031,0.016,0.005,-0.043
2.0,0.61570001,-0.78719997,-0.0334,0.0033,0.025,0.005,-0.027
2.0,0.61539996,-0.78740001,-0.034,0.0035,0.028,0.004,-0.018
2.0,0.61519998,-0.78749996,-0.0346,0.0037,0.005,0.013,-0.009
2.0,0.61500001,-0.7877,-0.0351,0.0039,-0.014,0.013,0.003
2.0,0.61469996,-0.78779995,-0.0355,0.0041,-0.032,0.011,0.015
2.0,0.61449999,-0.78799999,-0.0359,0.0043,-0.033,0.009,0.018
2.0,0.61430001,-0.7881,-0.0363,0.0047,-0.022,0.009,0.021
2.0,0.61409998,-0.78819996,-0.0366,0.005,-0.017,0.012,0.011
2.0,0.61399996,-0.78829998,-0.037,0.0053,-0.011,0.014,0.006
2.0,0.61390001,-0.78839999,-0.0374,0.0056,-0.015,0.005,0.009
2.0,0.61379999,-0.78849995,-0.0379,0.0057,-0.032,-0.005,0.004
2.0,0.61359996,-0.78849995,-0.0383,0.0059,-0.011,-0.021,-0.003
2.0,0.6135,-0.78859997,-0.0387,0.006,0.001,-0.017,-0.015
2.0,0.61339998,-0.78869998,-0.0391,0.0062,-0.005,-0.004,-0.02
2.0,0.61329997,-0.7888,-0.0396,0.0062,-0.004,-0.002,-0.011
2.0,0.61320001,-0.7888,-0.0402,0.0063,-0.01,-0.006,0.007
2.0,0.61320001,-0.7888,-0.0408,0.0064,-0.034,0.002,0.017
2.0,0.61320001,-0.7888,-0.0412,0.0066,-0.032,0.008,0.018
2.0,0.61320001,-0.7888,-0.0413,0.0068,0.003,-0.002,0.014
2.0,0.61309999,-0.7888,-0.0415,0.0071,0.011,-0.006,0.004
2.0,0.61299998,-0.78889996,-0.0416,0.0074,0.01,0.001,-0.002
2.0,0.61299998,-0.78889996,-0.0418,0.0076,0.008,-0.002,0.005
2.0,0.61299998,-0.78889996,-0.042,0.0077,-0.007,-0.004,0.003
2.0,0.61289996,-0.78889996,-0.0423,0.0079,-0.008,0.002,0.003
2.0,0.61289996,-0.78889996,-0.0425,0.0081,-0.008,0.001,0.002
2.0,0.61289996,-0.78889996,-0.0427,0.0084,-0.017,0.008,-0.005
2.0,0.61289996,-0.78889996,-0.0429,0.0085,-0.012,0.015,-0.001
2.0,0.6128,-0.78889996,-0.0431,0.0085,0.006,0.001,0.01
2.0,0.6128,-0.78889996,-0.0433,0.0085,0.009,0.001,0.012
2.0,0.6128,-0.78889996,-0.0436,0.0086,-0.001,0.005,0.013
2.0,0.61269999,-0.78889996,-0.0438,0.0086,-0.005,0.008,0.006
2.0,0.61269999,-0.78899997,-0.044,0.0085,-0.001,0.002,0.002
2.0,0.61259997,-0.78899997,-0.0443,0.0084,0.006,0.001,0.005
2.0,0.61250001,-0.78909999,-0.0446,0.0082,0.007,0.002,0.007
2.0,0.61250001,-0.78909999,-0.045,0.008,0.008,-0.002,0.004
2.0,0.6124,-0.78909999,-0.0454,0.0077,0.0,-0.003,0.008
2.0,0.6124,-0.78909999,-0.046,0.0075,-0.007,-0.007,0.006
2.0,0.61250001,-0.78899997,-0.0465,0.0073,-0.012,-0.012,0.005
2.0,0.61250001,-0.78889996,-0.0471,0.0072,-0.012,-0.009,0.0
2.0,0.61269999,-0.7888,-0.0476,0.0071,-0.011,-0.002,-0.001
2.0,0.6128,-0.78859997,-0.0482,0.0072,-0.015,0.004,0.001
2.0,0.61299998,-0.78849995,-0.0487,0.0073,-0.015,0.001,0.005
2.0,0.61329997,-0.78819996,-0.0492,0.0076,-0.016,-0.003,0.014
2.0,0.61359996,-0.78789997,-0.0496,0.0083,-0.013,-0.004,0.016
2.0,0.61409998,-0.78749996,-0.0499,0.0092,0.001,-0.011,0.018
2.0,0.61469996,-0.787,-0.0503,0.0106,0.012,-0.023,0.025
2.0,0.61539996,-0.78639996,-0.0507,0.0126,0.03,-0.031,0.032
2.0,0.61610001,-0.78569996,-0.0512,0.0152,0.048,-0.034,0.039
2.0,0.61689997,-0.78509998,-0.0517,0.0182,0.031,-0.013,0.03
2.0,0.61739999,-0.78459996,-0.0521,0.0214,0.005,0.031,0.012
2.0,0.61759996,-0.78429997,-0.0525,0.024,-0.017,0.068,-0.012
2.0,0.61769998,-0.7841,-0.0527,0.0256,-0.035,0.082,-0.04
2.0,0.61769998,-0.7841,-0.0529,0.0262,-0.018,0.054,-0.03
2.0,0.6178,-0.78399998,-0.0533,0.0264,-0.013,0.026,0.006
2.0,0.61790001,-0.78380001,-0.0536,0.0267,-0.045,0.01,0.021
2.0,0.61809999,-0.78369999,-0.0539,0.0273,-0.047,-0.007,0.019
2.0,0.61829996,-0.78349996,-0.054,0.028,-0.027,-0.017,0.024
2.0,0.61849999,-0.78329998,-0.0542,0.0289,0.0,-0.024,0.037
2.0,0.61869997,-0.78310001,-0.0543,0.0303,0.01,-0.022,0.047
2.0,0.61879998,-0.78289998,-0.0543,0.0319,-0.008,-0.009,0.028
2.0,0.61869997,-0.78289998,-0.0541,0.0334,-0.04,0.019,0.009
2.0,0.61860001,-0.78299999,-0.0537,0.0346,-0.032,0.03,-0.009
2.0,0.61849999,-0.78310001,-0.0532,0.0355,-0.015,0.029,-0.016
2.0,0.61849999,-0.78310001,-0.0527,0.0362,-0.007,0.022,0.0
2.0,0.61849999,-0.78310001,-0.0521,0.0369,-0.011,0.011,0.005
2.0,0.61849999,-0.78310001,-0.0515,0.0376,-0.005,-0.001,0.01
2.0,0.61860001,-0.78299999,-0.0509,0.0384,0.006,-0.011,0.01
2.0,0.61869997,-0.78299999,-0.0503,0.0391,0.015,-0.007,0.008
2.0,0.61869997,-0.78289998,-0.0498,0.0398,0.021,0.003,0.009
2.0,0.61869997,-0.78289998,-0.0495,0.0404,0.015,0.013,0.009
2.0,0.61869997,-0.78289998,-0.0493,0.0407,0.014,0.016,0.013
2.0,0.61869997,-0.78289998,-0.049,0.041,0.007,0.019,0.009
2.0,0.61879998,-0.78289998,-0.0489,0.0411,-0.003,0.013,0.005
2.0,0.6189,-0.78279996,-0.0488,0.0411,-0.007,0.009,0.011
2.0,0.61909997,-0.78259999,-0.0488,0.0412,-0.007,0.0,0.018
2.0,0.61930001,-0.78249997,-0.0487,0.0414,-0.008,-0.004,0.018
2.0,0.61939996,-0.78239995,-0.0486,0.0416,-0.007,-0.002,0.016
2.0,0.61949998,-0.7823,-0.0485,0.0419,-0.005,0.005,0.017
2.0,0.6196,-0.78219998,-0.0483,0.0421,-0.003,0.01,0.012
2.0,0.6196,-0.78219998,-0.0482,0.0424,-0.004,0.012,0.009
2.0,0.61969995,-0.78209996,-0.0479,0.0425,-0.001,0.009,0.011
2.0,0.61979997,-0.78209996,-0.0477,0.0425,0.005,0.005,0.01
2.0,0.61979997,-0.78200001,-0.0474,0.0426,0.007,0.0,0.011
2.0,0.61989999,-0.78200001,-0.0472,0.0426,0.011,0.0,0.011
2.0,0.62,-0.78189999,-0.047,0.0427,0.013,-0.001,0.012
2.0,0.62019998,-0.78179997,-0.0468,0.0427,0.008,0.0,0.014
2.0,0.62040001,-0.78169996,-0.0467,0.0427,0.004,0.002,0.014
2.0,0.62049997,-0.78149998,-0.0465,0.0427,0.008,0.004,0.015
2.0,0.6207,-0.78139997,-0.0463,0.0426,0.008,0.004,0.013
2.0,0.62079996,-0.78139997,-0.0461,0.0426,0.007,0.002,0.012
2.0,0.62089998,-0.78130001,-0.046,0.0425,0.001,0.0,0.01
2.0,0.62099999,-0.78119999,-0.046,0.0424,-0.005,0.002,0.009
2.0,0.62119997,-0.78109998,-0.046,0.0424,-0.01,0.006,0.015
2.0,0.62129998,-0.78099996,-0.0461,0.0423,-0.01,0.007,0.017
2.0,0.62149996,-0.78079998,-0.0461,0.0423,-0.007,0.005,0.022
2.0,0.62180001,-0.78059995,-0.0461,0.0422,0.0,0.005,0.02
2.0,0.62199998,-0.78039998,-0.0461,0.0421,0.002,0.004,0.02
2.0,0.62220001,-0.78029996,-0.0461,0.042,0.0,0.008,0.017
2.0,0.62229997,-0.7802,-0.0461,0.0419,-0.002,0.012,0.021
2.0,0.62239999,-0.78009999,-0.0463,0.0419,-0.006,0.013,0.022
2.0,0.6225,-0.78009999,-0.0464,0.0418,-0.008,0.011,0.021
2.0,0.6225,-0.77999997,-0.0465,0.0418,-0.012,0.01,0.017
2.0,0.62259996,-0.77989995,-0.0465,0.0418,-0.008,0.009,0.011
2.0,0.62269998,-0.77989995,-0.0466,0.0417,0.001,0.006,0.011
2.0,0.62279999,-0.7798,-0.0466,0.0416,0.006,0.002,0.012
2.0,0.62290001,-0.77969998,-0.0466,0.0415,0.005,0.0,0.012
2.0,0.62299997,-0.77959996,-0.0466,0.0414,0.005,-0.002,0.01
2.0,0.62309998,-0.77959996,-0.0466,0.0413,0.007,-0.003,0.008
2.0,0.6232,-0.77950001,-0.0466,0.0413,0.002,-0.002,0.005
2.0,0.62329996,-0.77939999,-0.0466,0.0413,0.0,0.002,0.006
2.0,0.62339997,-0.77929997,-0.0466,0.0412,-0.001,0.005,0.008
2.0,0.62349999,-0.77929997,-0.0466,0.0412,-0.002,0.007,0.01
2.0,0.62360001,-0.77919996,-0.0466,0.0411,-0.001,0.005,0.008
2.0,0.62369996,-0.7791,-0.0465,0.041,0.004,0.0,0.009
2.0,0.6239,-0.77899998,-0.0464,0.041,0.005,0.001,0.009
2.0,0.62400001,-0.77889997,-0.0461,0.0409,0.008,0.003,0.007
2.0,0.62409997,-0.77889997,-0.046,0.0409,0.007,0.006,0.006
2.0,0.62409997,-0.77879995,-0.046,0.0409,0.004,0.008,0.007
2.0,0.62419999,-0.77879995,-0.046,0.0408,0.003,0.009,0.008
2.0,0.62419999,-0.77869999,-0.046,0.0408,0.001,0.01,0.008
2.0,0.6243,-0.77869999,-0.0459,0.0407,0.002,0.007,0.007
2.0,0.62439996,-0.77859998,-0.0459,0.0405,0.007,0.005,0.012
2.0,0.62449998,-0.77849996,-0.0458,0.0403,0.01,0.002,0.012
2.0,0.62459999,-0.77849996,-0.0458,0.0402,0.007,0.004,0.011
2.0,0.62479997,-0.77829999,-0.0459,0.0401,0.0,0.003,0.013
2.0,0.62489998,-0.77819997,-0.0461,0.04,-0.004,0.004,0.013
2.0,0.625,-0.77809995,-0.0462,0.0399,-0.007,0.003,0.014
2.0,0.62509996,-0.778,-0.0463,0.0397,-0.004,0.0,0.013
2.0,0.62519997,-0.778,-0.0463,0.0396,0.004,0.0,0.015
2.0,0.62529999,-0.77789998,-0.0463,0.0395,0.005,0.0,0.016
2.0,0.62540001,-0.77779996,-0.0464,0.0394,0.0,0.0,0.017
2.0,0.62549996,-0.77779996,-0.0466,0.0392,0.0,0.001,0.01
2.0,0.62559998,-0.77770001,-0.0468,0.0391,-0.007,0.001,0.008
2.0,0.6257,-0.77759999,-0.047,0.039,-0.012,0.002,0.006
2.0,0.6257,-0.77759999,-0.0472,0.039,-0.014,0.003,0.002
2.0,0.62559998,-0.77759999,-0.0473,0.0389,-0.014,0.006,0.003
2.0,0.62559998,-0.77759999,-0.0473,0.0388,-0.011,0.009,0.005
2.0,0.6257,-0.77759999,-0.0474,0.0387,-0.011,0.009,0.007
2.0,0.62580001,-0.77749997,-0.0476,0.0387,-0.007,0.002,0.011
2.0,0.62599999,-0.7773,-0.0477,0.0387,-0.004,0.001,0.01
2.0,0.62619996,-0.77709997,-0.0478,0.0387,-0.001,0.001,0.011
2.0,0.62639999,-0.77700001,-0.0478,0.0387,0.002,0.001,0.014
2.0,0.62669998,-0.77679998,-0.0477,0.0387,0.004,0.003,0.012
2.0,0.6268,-0.77669996,-0.0476,0.0386,0.003,0.005,0.008
2.0,0.62689996,-0.7766,-0.0476,0.0386,0.0,0.003,0.005
2.0,0.62689996,-0.7766,-0.0476,0.0386,0.0,0.002,0.003
2.0,0.62689996,-0.7766,-0.0476,0.0386,0.003,0.001,-0.003
2.0,0.6268,-0.77669996,-0.0476,0.0385,0.002,0.002,-0.005
2.0,0.6268,-0.7766,-0.0477,0.0384,-0.001,0.001,-0.001
2.0,0.62689996,-0.7766,-0.0477,0.0383,-0.001,0.003,0.005
2.0,0.62699997,-0.77649999,-0.0478,0.0382,-0.002,0.003,0.003
2.0,0.62709999,-0.77649999,-0.0479,0.0382,-0.004,0.0,0.002
2.0,0.62720001,-0.77639997,-0.048,0.0382,-0.005,-0.001,0.003
2.0,0.62720001,-0.77629995,-0.048,0.0383,-0.003,0.0,0.004
2.0,0.62729996,-0.77629995,-0.048,0.0383,-0.004,0.003,0.004
2.0,0.62729996,-0.7762,-0.048,0.0383,-0.004,0.008,0.008
2.0,0.62729996,-0.7762,-0.0479,0.0383,-0.004,0.008,0.008
2.0,0.62729996,-0.7762,-0.0478,0.0384,-0.002,0.008,0.007
2.0,0.62739998,-0.7762,-0.0477,0.0385,0.005,0.001,0.006
2.0,0.62739998,-0.7762,-0.0475,0.0386,0.01,-0.001,0.0
2.0,0.62729996,-0.7762,-0.0472,0.0387,0.013,-0.002,-0.003
2.0,0.62739998,-0.7762,-0.047,0.0386,0.013,0.0,0.0
2.0,0.62739998,-0.7762,-0.0469,0.0386,0.011,0.002,0.0
2.0,0.62739998,-0.7762,-0.0468,0.0385,0.009,0.004,0.0
2.0,0.62739998,-0.7762,-0.0468,0.0385,0.004,0.003,0.0
2.0,0.6275,-0.7762,-0.0468,0.0384,0.001,0.002,0.001
2.0,0.62759995,-0.77609998,-0.0468,0.0384,-0.001,0.004,0.005
2.0,0.62769997,-0.77599996,-0.0468,0.0384,-0.001,0.005,0.006
2.0,0.62779999,-0.77590001,-0.0469,0.0383,-0.002,0.007,0.006
2.0,0.6279,-0.77590001,-0.0469,0.0383,-0.003,0.008,0.009
2.0,0.62799996,-0.77579999,-0.047,0.0382,-0.005,0.006,0.012
2.0,0.62809998,-0.77569997,-0.0471,0.0383,-0.003,0.003,0.01
2.0,0.62809998,-0.77569997,-0.047,0.0384,0.001,0.0,0.005
2.0,0.62809998,-0.77569997,-0.0469,0.0384,0.005,-0.002,0.0
2.0,0.62809998,-0.77569997,-0.0468,0.0384,0.006,0.001,0.001
2.0,0.62819999,-0.77559996,-0.0468,0.0384,0.006,0.004,0.003
2.0,0.62819999,-0.77559996,-0.0469,0.0383,0.002,0.004,0.0
2.0,0.62830001,-0.7755,-0.047,0.0383,-0.004,0.005,0.003
2.0,0.62839997,-0.7755,-0.0471,0.0382,-0.005,0.005,0.005
2.0,0.62839997,-0.77539998,-0.0472,0.0382,-0.005,0.002,0.003
2.0,0.62849998,-0.77539998,-0.0473,0.0382,-0.003,0.001,0.0
2.0,0.6286,-0.77529997,-0.0473,0.0382,0.0,0.002,0.004
2.0,0.62869996,-0.77520001,-0.0474,0.0382,0.0,0.0,0.007
2.0,0.62869996,-0.77509999,-0.0474,0.0382,-0.001,0.001,0.002
2.0,0.62879997,-0.77509999,-0.0474,0.0383,-0.001,0.002,0.004
2.0,0.62889999,-0.77499998,-0.0475,0.0382,-0.003,0.004,0.009
2.0,0.62889999,-0.77499998,-0.0474,0.0382,-0.003,0.006,0.003
2.0,0.62889999,-0.77499998,-0.0472,0.0382,0.002,0.003,0.002
2.0,0.62889999,-0.77499998,-0.0471,0.0382,0.008,0.004,0.005
2.0,0.62900001,-0.77499998,-0.0469,0.0382,0.007,0.004,0.006
2.0,0.62909997,-0.77489996,-0.0468,0.0383,0.003,0.0,0.009
2.0,0.62919998,-0.7748,-0.0468,0.0383,0.0,-0.001,0.012
2.0,0.6293,-0.77469999,-0.0468,0.0383,-0.002,0.001,0.013
2.0,0.62949997,-0.77459997,-0.0468,0.0384,-0.002,0.002,0.011
2.0,0.62959999,-0.77449995,-0.0468,0.0384,0.004,0.004,0.008
2.0,0.62959999,-0.7744,-0.0467,0.0384,0.005,0.005,0.007
2.0,0.62959999,-0.7744,-0.0467,0.0384,0.002,0.005,0.005
2.0,0.62970001,-0.7744,-0.0467,0.0385,0.003,0.008,0.007
2.0,0.62970001,-0.7744,-0.0467,0.0385,0.0,0.011,0.008
2.0,0.62970001,-0.7744,-0.0467,0.0385,-0.005,0.007,0.007
2.0,0.62970001,-0.7744,-0.0466,0.0385,0.0,0.01,0.003
2.0,0.62970001,-0.7744,-0.0466,0.0385,0.008,0.014,0.005
2.0,0.62970001,-0.77429998,-0.0467,0.0384,0.006,0.013,0.007
2.0,0.62979996,-0.77429998,-0.0467,0.0382,0.007,0.011,0.01
2.0,0.62989998,-0.77419996,-0.0468,0.0381,0.003,0.007,0.011
2.0,0.62989998,-0.77419996,-0.047,0.038,-0.012,0.002,0.005
2.0,0.63,-0.77419996,-0.0471,0.0379,-0.022,0.0,0.0
2.0,0.63,-0.77419996,-0.0473,0.0379,-0.018,-0.005,-0.005
2.0,0.63,-0.77410001,-0.0471,0.038,-0.01,-0.009,-0.004
2.0,0.63,-0.77419996,-0.0471,0.038,-0.007,-0.008,-0.003
2.0,0.63,-0.77419996,-0.0471,0.038,-0.013,-0.006,-0.003
2.0,0.63,-0.77410001,-0.0472,0.0379,-0.015,-0.001,0.006
2.0,0.63,-0.77410001,-0.0473,0.0378,-0.018,0.004,0.009
2.0,0.63010001,-0.77410001,-0.0472,0.0377,-0.018,0.004,0.006
2.0,0.63010001,-0.77399999,-0.0472,0.0376,-0.014,0.002,0.003
2.0,0.63019997,-0.77399999,-0.0471,0.0374,-0.009,0.002,0.008
2.0,0.63019997,-0.77399999,-0.047,0.0372,0.003,0.009,0.005
2.0,0.63019997,-0.77399999,-0.0469,0.0369,0.008,0.012,0.004
2.0,0.63019997,-0.77399999,-0.0469,0.0364,0.008,0.013,0.009
2.0,0.63029999,-0.77399999,-0.0469,0.0359,0.005,0.012,0.015
2.0,0.6304,-0.77399999,-0.047,0.0354,-0.011,0.011,0.016
2.0,0.6304,-0.77399999,-0.0472,0.0348,-0.034,0.014,0.008
2.0,0.63049996,-0.77389997,-0.0472,0.0342,-0.041,0.013,0.004
2.0,0.63059998,-0.77389997,-0.0473,0.0335,-0.036,0.009,0.002
2.0,0.63069999,-0.77379996,-0.0473,0.0329,-0.024,-0.003,0.008
2.0,0.63080001,-0.77379996,-0.0472,0.0324,-0.02,-0.012,0.008
2.0,0.63080001,-0.77379996,-0.0472,0.032,-0.02,-0.012,0.0
2.0,0.63080001,-0.7737,-0.0472,0.0315,-0.023,-0.007,-0.01
2.0,0.63089997,-0.7737,-0.0472,0.0309,-0.018,-0.007,-0.008
2.0,0.63099998,-0.7737,-0.0472,0.0305,-0.013,-0.014,0.0
2.0,0.6311,-0.77359998,-0.0471,0.0301,-0.012,-0.013,0.002
2.0,0.63119996,-0.77359998,-0.047,0.0298,-0.003,-0.013,0.008
2.0,0.63119996,-0.77349997,-0.047,0.0295,0.005,-0.011,0.003
2.0,0.63119996,-0.77349997,-0.0469,0.0292,0.0,-0.001,-0.007
2.0,0.63129997,-0.77349997,-0.0469,0.0288,0.003,-0.004,-0.003
2.0,0.63129997,-0.77349997,-0.0468,0.0285,0.005,-0.004,0.001
2.0,0.63139999,-0.77349997,-0.0466,0.0281,-0.002,0.0,-0.002
2.0,0.63139999,-0.77349997,-0.0464,0.0279,0.0,0.001,-0.01
2.0,0.63139999,-0.77349997,-0.0463,0.0276,0.004,0.0,-0.013
2.0,0.63150001,-0.77349997,-0.0461,0.0274,0.0,-0.006,-0.01
2.0,0.63150001,-0.77340001,-0.046,0.0271,0.001,0.0,-0.008
2.0,0.63159996,-0.77340001,-0.0459,0.0269,0.007,0.006,-0.007
2.0,0.63159996,-0.77340001,-0.0457,0.0266,0.009,0.005,-0.009
2.0,0.63150001,-0.77349997,-0.0456,0.0261,0.001,0.021,-0.021
2.0,0.63150001,-0.77359998,-0.0453,0.0252,0.012,0.022,-0.028
2.0,0.63139999,-0.7737,-0.045,0.024,0.029,0.014,-0.017
2.0,0.63129997,-0.77379996,-0.0446,0.0225,0.009,0.041,-0.029
2.0,0.63119996,-0.77399999,-0.044,0.0201,0.009,0.06,-0.047
2.0,0.63119996,-0.77410001,-0.0434,0.0169,0.044,0.059,-0.03
2.0,0.6311,-0.77429998,-0.0427,0.0134,0.03,0.07700001,0.009
2.0,0.63099998,-0.77449995,-0.0415,0.0095,0.024,0.066,0.037
2.0,0.63089997,-0.77469999,-0.0398,0.0058,0.059,0.015,0.064
2.0,0.63069999,-0.77499998,-0.0373,0.0026,0.07700001,-0.002,0.063
2.0,0.63059998,-0.77520001,-0.0342,-0.0004,0.109,-0.027,0.06
2.0,0.63059998,-0.77539998,-0.0308,-0.0031,0.149,-0.042,0.045
2.0,0.63059998,-0.7755,-0.0272,-0.0057,0.177,-0.023,0.034
2.0,0.63080001,-0.77539998,-0.0237,-0.0086,0.19100001,-0.01,0.044
2.0,0.63119996,-0.77520001,-0.0203,-0.0116,0.20200001,-0.005,0.043
2.0,0.63150001,-0.77499998,-0.0165,-0.0141,0.20500001,-0.001,0.029
2.0,0.63190001,-0.77469999,-0.0122,-0.0161,0.18000001,0.003,0.015
2.0,0.63239998,-0.77429998,-0.0077,-0.0183,0.16100001,0.016,0.018
2.0,0.63279998,-0.77389997,-0.0035,-0.0209,0.15200001,-0.007,0.042
2.0,0.63299996,-0.7737,-0.0001,-0.0241,0.18100001,-0.026,0.006
2.0,0.63330001,-0.77329999,0.0023,-0.0279,0.16800001,-0.031,0.025
2.0,0.634,-0.7726,0.0036,-0.0319,0.083,-0.022,0.12200001
2.0,0.63459998,-0.7719,0.0048,-0.0356,0.057,0.015,0.16600001
2.0,0.63489997,-0.77149999,0.0066,-0.0387,0.02,0.07600001,0.12800001
2.0,0.63499999,-0.7712,0.0087,-0.0415,-0.014,0.12800001,0.052
2.0,0.63489997,-0.77109998,0.0108,-0.0447,-0.08400001,0.18700001,-0.017
2.0,0.63510001,-0.77079999,0.0125,-0.048,-0.132,0.17,-0.054
2.0,0.63549995,-0.77019995,0.0135,-0.0518,-0.192,0.149,-0.086
2.0,0.63629997,-0.76919997,0.0138,-0.0556,-0.264,0.096,-0.033
2.0,0.6372,-0.76819998,0.0145,-0.0584,-0.28800002,0.062,0.034
2.0,0.63819999,-0.76719999,0.015,-0.0604,-0.27200001,0.013,0.07
2.0,0.63919997,-0.76629996,0.015,-0.0619,-0.31300002,0.0,0.08000001
2.0,0.64039999,-0.76519996,0.0145,-0.0631,-0.41700003,0.016,0.083
2.0,0.64160001,-0.76409996,0.0135,-0.0642,-0.52000004,0.007,0.097
2.0,0.64300001,-0.76289999,0.012,-0.065,-0.52900004,-0.018,0.098
2.0,0.64429998,-0.76179999,0.0103,-0.0649,-0.54400003,-0.06,0.097
2.0,0.64539999,-0.76099998,0.0086,-0.064,-0.51700002,-0.083,0.06500001
2.0,0.64629996,-0.7604,0.0068,-0.062,-0.514,-0.112,0.025
2.0,0.64709997,-0.75989997,0.0045,-0.0594,-0.52500004,-0.127,-0.01
2.0,0.648,-0.75949997,0.0013,-0.0568,-0.551,-0.10200001,0.01
2.0,0.64879996,-0.759,-0.0023,-0.0542,-0.53900003,-0.11300001,0.035
2.0,0.64950001,-0.75849998,-0.0064,-0.0512,-0.51300001,-0.11700001,0.063
2.0,0.65020001,-0.75809997,-0.0108,-0.048,-0.51200002,-0.119,0.096
2.0,0.65090001,-0.75769997,-0.0152,-0.0444,-0.514,-0.098,0.11300001
2.0,0.65149999,-0.7572,-0.0193,-0.0406,-0.509,-0.09,0.116
2.0,0.65209997,-0.7568,-0.0232,-0.0365,-0.47100002,-0.09200001,0.11300001
2.0,0.65259999,-0.75639999,-0.0266,-0.032,-0.42900002,-0.105,0.09900001
2.0,0.65309995,-0.7561,-0.0297,-0.0273,-0.37800002,-0.11700001,0.07600001
2.0,0.65349996,-0.75580001,-0.0325,-0.0222,-0.33000001,-0.12,0.045
2.0,0.65359998,-0.75569999,-0.0351,-0.017,-0.317,-0.11400001,0.023
2.0,0.65369999,-0.75569999,-0.0376,-0.0117,-0.30900002,-0.11400001,0.009
2.0,0.65359998,-0.75569999,-0.0396,-0.0061,-0.24400002,-0.12100001,-0.013
2.0,0.6534,-0.75580001,-0.0412,-0.0003,-0.17,-0.132,-0.044
2.0,0.65309995,-0.75599998,-0.0424,0.0055,-0.10200001,-0.14,-0.059
2.0,0.65270001,-0.75619996,-0.0429,0.0117,-0.036,-0.13800001,-0.063
2.0,0.65219998,-0.75650001,-0.0429,0.0179,0.009,-0.12200001,-0.06500001
2.0,0.65169996,-0.7568,-0.043,0.0236,0.052,-0.112,-0.074
2.0,0.65130001,-0.75699997,-0.043,0.0288,0.07300001,-0.12800001,-0.047
2.0,0.65109998,-0.75689995,-0.043,0.0337,0.075,-0.133,-0.03
2.0,0.65109998,-0.75669998,-0.0429,0.0381,0.115,-0.15100001,-0.005
2.0,0.65109998,-0.75650001,-0.0427,0.0422,0.18800001,-0.19700001,0.044
2.0,0.65090001,-0.75650001,-0.0424,0.0459,0.23600002,-0.23700002,-0.008
2.0,0.65020001,-0.75699997,-0.0424,0.0486,0.296,-0.26700002,-0.109
2.0,0.6494,-0.75739998,-0.0427,0.0506,0.34300002,-0.27700001,-0.13100001
2.0,0.64859998,-0.75799996,-0.0431,0.0524,0.36100003,-0.26200002,-0.11100001
2.0,0.6476,-0.75869995,-0.0438,0.0539,0.39300001,-0.23700002,-0.097
2.0,0.64660001,-0.75949997,-0.0451,0.0546,0.37400001,-0.23700002,-0.062
2.0,0.64559996,-0.76029998,-0.047,0.054,0.29500002,-0.26200002,-0.022
2.0,0.64459997,-0.76109999,-0.049,0.0523,0.26100001,-0.24300002,0.0
2.0,0.64349997,-0.76199996,-0.0506,0.05,0.273,-0.22400001,0.025
2.0,0.64269996,-0.76279998,-0.0516,0.0479,0.26900002,-0.24100001,0.093
2.0,0.6419,-0.76349998,-0.052,0.0461,0.23500001,-0.23400001,0.14500001
2.0,0.64109999,-0.76429999,-0.0518,0.0445,0.24200001,-0.23500001,0.125
2.0,0.64019996,-0.76519996,-0.0506,0.0433,0.31900001,-0.28100002,0.025
2.0,0.63919997,-0.76620001,-0.0491,0.0425,0.31900001,-0.30100003,-0.061
2.0,0.63819999,-0.76709998,-0.048,0.0417,0.31300002,-0.30500001,-0.07700001
2.0,0.63699996,-0.76819998,-0.0481,0.0403,0.27800003,-0.29200003,-0.034
2.0,0.6358,-0.76919997,-0.0488,0.0382,0.23100001,-0.26500002,0.03
2.0,0.63449997,-0.77039999,-0.0494,0.0356,0.19600001,-0.22100002,0.101
2.0,0.63319999,-0.77160001,-0.0494,0.0332,0.171,-0.23800001,0.16500001
2.0,0.6318,-0.77289999,-0.0485,0.0312,0.20700002,-0.24200001,0.18200001
2.0,0.63010001,-0.7744,-0.0465,0.0298,0.39200002,-0.17500001,0.162
2.0,0.62830001,-0.77609998,-0.043,0.0296,0.64000005,-0.052,0.21200001
2.0,0.62599999,-0.77809995,-0.039,0.0304,0.78200006,0.029,0.24200001
2.0,0.62419999,-0.77969998,-0.0353,0.0327,-0.171,0.16700001,-0.09200001
2.0,0.62299997,-0.78059995,-0.0314,0.0369,-1.59300005,0.41200003,-0.34800002
2.0,0.62129998,-0.78189999,-0.0247,0.0433,-1.55900002,0.55000001,-0.39200002
2.0,0.62,-0.78279996,-0.0148,0.0502,0.49200001,0.54500002,-0.18900001
2.0,0.61860001,-0.78380001,-0.0082,0.0535,1.245,0.51900005,-0.40800002
2.0,0.61729997,-0.78479999,-0.0068,0.0526,0.77400005,0.43900001,-0.37600002
2.0,0.61570001,-0.7863,-0.0067,0.0492,0.26500002,0.61200005,-0.072
2.0,0.6142,-0.7877,-0.0062,0.0452,0.42400002,0.87200004,-0.016
2.0,0.61299998,-0.78899997,-0.0065,0.0402,0.71100003,0.97400004,0.074
2.0,0.6117,-0.7902,-0.0089,0.0336,0.51800001,1.25700009,0.24900001
2.0,0.61059999,-0.7913,-0.0107,0.0269,0.18400002,1.30600011,0.33000001
2.0,0.61000001,-0.79189998,-0.0111,0.0209,0.16900001,1.102,0.13500001
2.0,0.61019999,-0.792,-0.0107,0.016,-0.037,0.71800005,-0.047
2.0,0.61059999,-0.79170001,-0.0099,0.0116,-0.39200002,0.41200003,-0.11300001
2.0,0.61089998,-0.79149997,-0.0082,0.0079,-0.83000004,0.24200001,-0.257
2.0,0.61140001,-0.79119998,-0.0053,0.0058,-0.94900006,0.14600001,-0.39600003
2.0,0.61189997,-0.79079998,-0.0016,0.0058,-0.82300001,0.132,-0.47400004
2.0,0.61210001,-0.7906,0.0016,0.0069,-0.65300006,0.14,-0.47900003
2.0,0.61199999,-0.79069996,0.004,0.0087,-0.49900001,0.12,-0.45200002
2.0,0.6117,-0.79089999,0.0056,0.0108,-0.36000001,0.058,-0.39500001
2.0,0.61129999,-0.79119998,0.0063,0.0129,-0.21000001,-0.027,-0.257
2.0,0.61070001,-0.79159999,0.0066,0.0149,-0.134,-0.06900001,-0.11400001
2.0,0.61009997,-0.792,0.0067,0.0166,-0.064,-0.109,0.011
2.0,0.60939997,-0.79259998,0.007,0.0179,-0.02,-0.149,0.083
2.0,0.60859996,-0.79319996,0.0073,0.0188,0.009,-0.16000001,0.12800001
2.0,0.60780001,-0.79369998,0.0078,0.0192,0.08000001,-0.14300001,0.12
2.0,0.60699999,-0.79429996,0.0083,0.0193,0.112,-0.134,0.105
2.0,0.60609996,-0.79499996,0.0087,0.0192,0.11400001,-0.11100001,0.10600001
2.0,0.60509998,-0.79569995,0.0091,0.0193,0.1,-0.108,0.09100001
2.0,0.60420001,-0.79639995,0.0095,0.0196,0.105,-0.086,0.036
2.0,0.60350001,-0.79699999,0.0098,0.0201,0.148,-0.074,0.026
2.0,0.60280001,-0.79749995,0.0098,0.0206,0.13700001,-0.063,0.008
2.0,0.60209996,-0.79799998,0.0097,0.021,0.14400001,-0.048,-0.027
2.0,0.60139996,-0.7985,0.0099,0.0214,0.18400002,-0.031,-0.02
2.0,0.60079998,-0.79899997,0.01,0.0219,0.19900002,-0.038,0.001
2.0,0.60009998,-0.79939997,0.0099,0.0222,0.192,-0.022,0.023
2.0,0.59959996,-0.79979998,0.0098,0.0222,0.17600001,0.007,0.06900001
2.0,0.59920001,-0.80009997,0.0099,0.0226,0.15900001,0.001,0.07700001
2.0,0.5988,-0.80039996,0.0105,0.0236,0.17500001,0.002,0.04
2.0,0.59859997,-0.80049998,0.0114,0.0247,0.23900001,0.023,0.015
2.0,0.5984,-0.80059999,0.0119,0.0254,0.29700002,0.03,0.016
2.0,0.59819996,-0.80070001,0.0121,0.0258,0.29900002,0.013,0.014
2.0,0.59799999,-0.80089998,0.0123,0.026,0.20500001,-0.005,-0.022
2.0,0.59779996,-0.801,0.0124,0.0258,0.178,-0.014,-0.035
2.0,0.59759998,-0.80119997,0.0123,0.0254,0.15100001,-0.026,-0.036
2.0,0.59729999,-0.80140001,0.0118,0.0249,0.10600001,-0.02,-0.075
2.0,0.59709996,-0.80159998,0.0112,0.0245,0.093,-0.009,-0.066
2.0,0.59689999,-0.80179995,0.01,0.0238,0.072,0.023,-0.003
2.0,0.59670001,-0.80199999,0.009,0.0232,0.042,0.048,0.056
2.0,0.5966,-0.8021,0.0082,0.023,0.012,0.011,0.057
2.0,0.5966,-0.8021,0.0074,0.0233,0.02,-0.039,0.036
2.0,0.5966,-0.8021,0.0065,0.0235,0.028,-0.04,0.024
2.0,0.59649998,-0.8021,0.0053,0.0235,0.075,-0.036,0.011
2.0,0.59639996,-0.80229998,0.0037,0.0233,0.08400001,-0.064,0.006
2.0,0.59619999,-0.80239999,0.0021,0.0228,0.052,-0.009,0.023
2.0,0.59609997,-0.80249995,0.0005,0.0223,-0.013,0.012,0.043
2.0,0.59599996,-0.80259997,-0.0005,0.0222,0.007,0.044,0.033
2.0,0.5959,-0.80259997,-0.0015,0.0224,0.005,0.06500001,0.035
2.0,0.59599996,-0.80259997,-0.0026,0.0225,0.006,0.059,0.043
2.0,0.59609997,-0.80249995,-0.0038,0.0225,0.014,0.013,0.05
2.0,0.59630001,-0.80239999,-0.0051,0.0225,0.072,-0.007,-0.009
2.0,0.59639996,-0.80219996,-0.0068,0.0221,0.11700001,-0.032,-0.046
2.0,0.59649998,-0.80219996,-0.0089,0.0215,0.11300001,-0.045,-0.07300001
2.0,0.59670001,-0.80199999,-0.0114,0.0205,0.101,-0.026,-0.068
2.0,0.597,-0.80179995,-0.0139,0.0198,-0.023,-0.022,-0.04
2.0,0.59749997,-0.80129999,-0.016,0.0196,-0.06,-0.003,-0.083
2.0,0.59829998,-0.80070001,-0.0182,0.0197,-0.028,0.011,-0.083
2.0,0.59909999,-0.80009997,-0.0207,0.0196,0.034,-0.005,-0.07600001
2.0,0.59959996,-0.79960001,-0.0235,0.019,0.07,-0.019,-0.087
2.0,0.60009998,-0.7992,-0.0267,0.0178,0.108,-0.003,-0.06900001
2.0,0.60039997,-0.79890001,-0.0303,0.0158,0.123,0.012,-0.063
2.0,0.60049999,-0.79869998,-0.0339,0.0132,0.15300001,0.03,-0.09100001
2.0,0.60049999,-0.79859996,-0.0374,0.0099,0.14300001,0.066,-0.11000001
2.0,0.60039997,-0.7985,-0.0409,0.0061,0.087,0.10700001,-0.07300001
2.0,0.60039997,-0.79839998,-0.0438,0.0023,-0.007,0.116,-0.023
2.0,0.60049999,-0.79819995,-0.0459,-0.0011,-0.097,0.059,0.02
2.0,0.60079998,-0.79789996,-0.0473,-0.0038,-0.18300001,0.032,0.053
2.0,0.6013,-0.79749995,-0.0481,-0.0058,-0.23300001,0.005,0.09100001
2.0,0.60189998,-0.79699999,-0.0484,-0.007,-0.266,-0.019,0.085
2.0,0.60249996,-0.79649997,-0.0481,-0.0073,-0.252,-0.06,0.062
2.0,0.60319996,-0.79609996,-0.0475,-0.0072,-0.19400001,-0.083,0.023
2.0,0.60369998,-0.79569995,-0.0471,-0.0069,-0.104,-0.082,-0.021
2.0,0.60409999,-0.79539996,-0.0469,-0.0066,-0.022,-0.09200001,-0.051
2.0,0.6045,-0.79509997,-0.0471,-0.0064,0.05,-0.087,-0.053
2.0,0.60479999,-0.79479998,-0.0477,-0.0065,0.115,-0.06900001,-0.037
2.0,0.60519999,-0.79449999,-0.0484,-0.0068,0.142,-0.044,-0.01
2.0,0.6056,-0.79409999,-0.049,-0.0073,0.14,-0.007,0.021
2.0,0.60609996,-0.79369998,-0.0495,-0.0079,0.115,0.016,0.068
2.0,0.60659999,-0.79329997,-0.0499,-0.0084,0.08000001,0.046,0.087
2.0,0.60710001,-0.79299998,-0.0498,-0.0087,0.033,0.049,0.09100001
2.0,0.60759997,-0.79259998,-0.0494,-0.0086,-0.006,0.053,0.063
2.0,0.60820001,-0.79209995,-0.0487,-0.0082,-0.024,0.053,0.031
2.0,0.60890001,-0.79170001,-0.048,-0.0076,-0.014,0.04,-0.015
2.0,0.60960001,-0.79119998,-0.0471,-0.007,0.004,0.035,-0.039
2.0,0.6103,-0.79069996,-0.0462,-0.0062,0.023,0.012,-0.04
2.0,0.611,-0.7902,-0.0453,-0.0054,0.046,-0.019,-0.032
2.0,0.6117,-0.78969997,-0.0444,-0.0045,0.053,-0.03,-0.014
2.0,0.61259997,-0.78909999,-0.0434,-0.0034,0.064,-0.032,0.018
2.0,0.61359996,-0.78839999,-0.0424,-0.0022,0.075,-0.031,0.048
2.0,0.61469996,-0.78759998,-0.0415,-0.0009,0.07700001,-0.032,0.07
2.0,0.61589998,-0.78669995,-0.0406,0.0004,0.07,-0.023,0.07300001
2.0,0.61719996,-0.78569996,-0.0401,0.0015,0.06500001,-0.014,0.074
2.0,0.61849999,-0.78469998,-0.0398,0.0024,0.051,0.001,0.068
2.0,0.61979997,-0.78359997,-0.0397,0.0033,0.023,0.005,0.064
2.0,0.62110001,-0.7827,-0.0397,0.0042,-0.004,0.012,0.049
2.0,0.62220001,-0.78169996,-0.0397,0.0052,-0.026,0.021,0.036
2.0,0.62329996,-0.7809,-0.0396,0.0063,-0.046,0.0,0.023
2.0,0.6243,-0.78009999,-0.0395,0.0077,-0.06500001,-0.009,0.009
2.0,0.62519997,-0.77939999,-0.0392,0.0093,-0.08400001,-0.005,-0.004
2.0,0.62599999,-0.77869999,-0.0389,0.0109,-0.087,-0.002,-0.006
2.0,0.62669998,-0.77809995,-0.0387,0.0124,-0.07700001,0.009,-0.008
2.0,0.62739998,-0.77759999,-0.0387,0.0134,-0.07700001,0.016,0.005
2.0,0.6279,-0.77709997,-0.0387,0.0142,-0.085,0.021,0.03
2.0,0.62849998,-0.7766,-0.0388,0.0149,-0.086,0.015,0.043
2.0,0.62889999,-0.7762,-0.0391,0.0156,-0.06900001,0.001,0.049
2.0,0.62939996,-0.77579999,-0.0395,0.0163,-0.049,0.001,0.045
2.0,0.62989998,-0.77539998,-0.04,0.017,-0.039,0.002,0.042
2.0,0.63029999,-0.77499998,-0.0408,0.0175,-0.031,0.01,0.05
2.0,0.63069999,-0.77469999,-0.0415,0.0178,-0.013,0.016,0.058
2.0,0.63099998,-0.7744,-0.0422,0.0182,-0.004,0.014,0.052
2.0,0.63119996,-0.77410001,-0.0428,0.0185,-0.007,0.015,0.038
2.0,0.63139999,-0.77389997,-0.0431,0.0189,0.011,0.008,0.028
2.0,0.63169998,-0.7737,-0.0433,0.0193,0.028,0.005,0.024
2.0,0.63190001,-0.77349997,-0.0433,0.0197,0.036,0.004,0.017
2.0,0.6322,-0.77319998,-0.0432,0.0201,0.033,0.002,0.021
2.0,0.63260001,-0.77289999,-0.0432,0.0205,0.031,0.005,0.03
2.0,0.6329,-0.7726,-0.0431,0.021,0.019,0.009,0.032
2.0,0.63339996,-0.7723,-0.043,0.0216,-0.003,0.013,0.029
2.0,0.63379997,-0.7719,-0.043,0.0222,-0.023,0.009,0.035
2.0,0.63409996,-0.77160001,-0.0429,0.0228,-0.031,0.005,0.033
2.0,0.63440001,-0.77139997,-0.0428,0.0235,-0.03,0.006,0.026
2.0,0.6347,-0.77109998,-0.0425,0.0241,-0.025,0.013,0.02
2.0,0.63489997,-0.77099997,-0.0423,0.0247,-0.023,0.013,0.022
2.0,0.63499999,-0.77079999,-0.0421,0.0253,-0.019,0.009,0.021
2.0,0.63519996,-0.77069998,-0.0418,0.0259,-0.015,0.003,0.017
2.0,0.63529998,-0.77059996,-0.0415,0.0265,-0.006,-0.002,0.013
2.0,0.63549995,-0.77039999,-0.0413,0.0271,0.0,-0.001,0.011
2.0,0.63569999,-0.77019995,-0.0412,0.0276,-0.004,0.008,0.014
2.0,0.63589996,-0.7701,-0.0412,0.028,-0.011,0.01,0.015
2.0,0.63599998,-0.76999998,-0.0412,0.0283,-0.014,0.009,0.007
2.0,0.63620001,-0.76980001,-0.0411,0.0284,-0.007,0.009,0.006
2.0,0.63629997,-0.76969999,-0.0409,0.0285,0.0,0.008,0.011
2.0,0.6365,-0.76959997,-0.0407,0.0286,0.005,0.004,0.017
2.0,0.63659996,-0.76949996,-0.0404,0.0289,0.012,0.001,0.02
2.0,0.63679999,-0.7694,-0.04,0.0292,0.014,-0.002,0.018
2.0,0.63690001,-0.76929998,-0.0398,0.0294,0.013,-0.001,0.017
2.0,0.63709998,-0.76909995,-0.0396,0.0297,0.003,0.007,0.018
2.0,0.6372,-0.76899999,-0.0393,0.0298,0.0,0.01,0.018
2.0,0.63729995,-0.76889998,-0.039,0.03,-0.002,0.01,0.022
2.0,0.63739997,-0.76889998,-0.0386,0.0301,0.001,0.011,0.02
2.0,0.63739997,-0.76889998,-0.038,0.0304,0.011,0.009,0.017
2.0,0.63739997,-0.76889998,-0.0374,0.0307,0.017,0.005,0.016
2.0,0.63749999,-0.76879996,-0.0368,0.0311,0.015,0.003,0.013
2.0,0.6376,-0.76879996,-0.0363,0.0314,0.013,0.0,0.011
2.0,0.63769996,-0.7687,-0.036,0.0317,0.009,0.0,0.011
2.0,0.63779998,-0.76859999,-0.0356,0.0319,0.003,0.002,0.005
2.0,0.63779998,-0.76859999,-0.0354,0.0321,-0.001,0.007,0.007
2.0,0.63789999,-0.76859999,-0.0351,0.0322,0.004,0.01,0.015
2.0,0.63789999,-0.76849997,-0.0348,0.0324,0.009,0.007,0.018
2.0,0.63789999,-0.76849997,-0.0345,0.0327,0.003,0.002,0.012
2.0,0.63800001,-0.76849997,-0.0341,0.033,0.005,0.0,0.01
2.0,0.63800001,-0.76839995,-0.0338,0.0334,0.009,0.0,0.011
2.0,0.63809997,-0.76839995,-0.0334,0.0337,0.011,-0.001,0.01
2.0,0.63819999,-0.7683,-0.0331,0.0339,0.009,0.002,0.014
2.0,0.6383,-0.7683,-0.0328,0.0342,0.008,0.008,0.018
2.0,0.6383,-0.76819998,-0.0324,0.0344,0.004,0.011,0.022
2.0,0.6383,-0.76819998,-0.032,0.0347,0.005,0.007,0.02
2.0,0.6383,-0.7683,-0.0315,0.035,0.008,0.007,0.017
2.0,0.6383,-0.7683,-0.031,0.0354,0.006,0.006,0.013
2.0,0.6383,-0.7683,-0.0306,0.0357,0.003,0.004,0.009
2.0,0.6383,-0.7683,-0.0302,0.0359,0.01,0.006,0.008
2.0,0.6383,-0.76819998,-0.0299,0.036,0.01,0.005,0.01
2.0,0.63839996,-0.76819998,-0.0296,0.0361,0.007,0.004,0.013
2.0,0.63839996,-0.76819998,-0.0294,0.0362,0.003,0.005,0.016
2.0,0.63839996,-0.76819998,-0.0291,0.0364,0.001,0.007,0.014
2.0,0.63839996,-0.76819998,-0.0288,0.0367,0.002,0.006,0.011
2.0,0.63839996,-0.76819998,-0.0285,0.0369,0.0,0.002,0.01
2.0,0.63839996,-0.76819998,-0.0282,0.0372,-0.001,0.004,0.011
2.0,0.63839996,-0.76819998,-0.028,0.0374,0.0,0.004,0.014
2.0,0.63839996,-0.76819998,-0.0277,0.0376,0.003,0.005,0.012
2.0,0.63839996,-0.76819998,-0.0274,0.0377,0.004,0.001,0.011
2.0,0.63839996,-0.76819998,-0.0272,0.0378,0.007,0.0,0.013
2.0,0.63839996,-0.76819998,-0.0271,0.0379,0.006,0.001,0.01
2.0,0.63839996,-0.76819998,-0.027,0.0379,0.004,0.001,0.008
2.0,0.63839996,-0.76819998,-0.0269,0.038,0.004,0.005,0.01
2.0,0.63839996,-0.76819998,-0.0269,0.038,0.005,0.008,0.012
2.0,0.6383,-0.7683,-0.0268,0.038,0.003,0.009,0.011
2.0,0.63839996,-0.76819998,-0.0267,0.038,0.003,0.003,0.012
2.0,0.6383,-0.7683,-0.0266,0.038,0.004,0.002,0.01
2.0,0.6383,-0.7683,-0.0264,0.0381,0.002,0.0,0.008
2.0,0.6383,-0.7683,-0.0263,0.0381,0.005,0.0,0.01
2.0,0.63839996,-0.76819998,-0.0262,0.0382,0.006,0.0,0.01
2.0,0.63839996,-0.7683,-0.0261,0.0382,0.004,0.003,0.007
2.0,0.6383,-0.7683,-0.0261,0.0382,-0.003,0.007,0.008
2.0,0.63839996,-0.76819998,-0.0261,0.0382,-0.006,0.005,0.01
2.0,0.63839996,-0.76819998,-0.0261,0.0382,-0.004,0.002,0.008
2.0,0.63839996,-0.76819998,-0.0261,0.0383,-0.007,0.0,0.006
2.0,0.63839996,-0.76819998,-0.0261,0.0383,-0.008,0.001,0.01
2.0,0.63839996,-0.76819998,-0.0261,0.0384,-0.012,0.0,0.007
2.0,0.63849998,-0.76809996,-0.0261,0.0385,-0.018,0.001,0.008
2.0,0.63849998,-0.76819998,-0.026,0.0386,-0.014,0.003,0.012
2.0,0.63839996,-0.76819998,-0.0258,0.0387,-0.008,0.005,0.011
2.0,0.6383,-0.7683,-0.0255,0.0389,-0.009,0.005,0.007
2.0,0.63819999,-0.7683,-0.0253,0.0391,-0.008,0.001,0.007
2.0,0.63819999,-0.76839995,-0.025,0.0393,-0.006,-0.001,0.005
2.0,0.63819999,-0.76839995,-0.0247,0.0396,-0.008,-0.001,0.003
2.0,0.63809997,-0.76839995,-0.0245,0.0399,-0.009,0.0,0.003
2.0,0.63800001,-0.76849997,-0.0243,0.0401,-0.008,0.0,0.001
2.0,0.63800001,-0.76849997,-0.0241,0.0404,-0.01,0.001,0.002
2.0,0.63789999,-0.76859999,-0.0238,0.0405,-0.013,0.003,0.006
2.0,0.63789999,-0.76859999,-0.0235,0.0407,-0.009,0.005,0.01
2.0,0.63779998,-0.7687,-0.0232,0.041,-0.004,0.002,0.01
2.0,0.63769996,-0.7687,-0.0228,0.0412,0.0,0.001,0.006
2.0,0.6376,-0.76879996,-0.0223,0.0415,0.002,0.002,0.004
2.0,0.6376,-0.76889998,-0.0219,0.0419,0.004,0.001,0.007
2.0,0.63749999,-0.76889998,-0.0215,0.0422,0.004,0.0,0.008
2.0,0.63739997,-0.76889998,-0.0211,0.0425,0.004,0.004,0.007
2.0,0.63739997,-0.76899999,-0.0207,0.0428,0.002,0.003,0.002
2.0,0.63729995,-0.76909995,-0.0203,0.043,0.0,0.002,-0.005
2.0,0.6372,-0.76909995,-0.0199,0.0432,0.003,0.002,-0.005
2.0,0.63709998,-0.76919997,-0.0195,0.0433,0.013,0.005,0.001
2.0,0.63699996,-0.76929998,-0.0191,0.0433,0.016,0.007,0.001
2.0,0.63699996,-0.76929998,-0.0188,0.0434,0.013,0.005,0.002
2.0,0.63709998,-0.76929998,-0.0185,0.0435,0.014,0.002,0.006
2.0,0.63709998,-0.76919997,-0.0182,0.0435,0.015,-0.001,0.009
2.0,0.6372,-0.76919997,-0.018,0.0434,0.016,0.001,0.01
2.0,0.63729995,-0.76909995,-0.0178,0.0434,0.017,0.007,0.01
2.0,0.63729995,-0.76909995,-0.0177,0.0434,0.014,0.011,0.011
2.0,0.63729995,-0.76909995,-0.0177,0.0433,0.006,0.016,0.008
2.0,0.63729995,-0.76909995,-0.0177,0.0432,0.004,0.012,0.0
2.0,0.63729995,-0.76909995,-0.0178,0.043,0.007,0.009,0.006
2.0,0.63729995,-0.76909995,-0.0178,0.0426,0.016,0.008,0.006
2.0,0.63739997,-0.76909995,-0.018,0.0421,0.023,0.005,0.011
2.0,0.63739997,-0.76909995,-0.0182,0.0417,0.026,0.003,0.004
2.0,0.63749999,-0.76899999,-0.0186,0.0412,0.024,0.0,0.002
2.0,0.6376,-0.76889998,-0.0192,0.0406,0.026,-0.001,0.004
2.0,0.63779998,-0.76879996,-0.0199,0.0399,0.028,0.0,0.006
2.0,0.63789999,-0.7687,-0.0207,0.0391,0.026,0.005,0.006
2.0,0.63809997,-0.76859999,-0.0218,0.0381,0.022,0.005,0.007
2.0,0.63819999,-0.76849997,-0.0228,0.0371,0.016,0.004,0.009
2.0,0.63839996,-0.76839995,-0.0241,0.0361,0.003,0.004,0.012
2.0,0.63859999,-0.76819998,-0.0253,0.035,-0.007,0.003,0.008
2.0,0.63879997,-0.76809996,-0.0267,0.0338,-0.012,0.0,0.013
2.0,0.639,-0.76789999,-0.028,0.0327,-0.012,0.002,0.011
2.0,0.63909996,-0.76779997,-0.0293,0.0316,-0.011,0.006,0.008
2.0,0.63929999,-0.7676,-0.0307,0.0305,-0.009,0.005,0.011
2.0,0.63949996,-0.76739997,-0.032,0.0294,-0.011,0.001,0.011
2.0,0.6397,-0.76730001,-0.0334,0.0283,-0.012,-0.001,0.01
2.0,0.63999999,-0.76709998,-0.0346,0.0271,-0.012,-0.005,0.013
2.0,0.6401,-0.7669,-0.0359,0.026,-0.013,-0.005,0.012
2.0,0.64029998,-0.76679999,-0.0371,0.0248,-0.017,0.0,0.011
2.0,0.64039999,-0.76669997,-0.0382,0.0238,-0.025,0.004,0.011
2.0,0.64039999,-0.76659995,-0.0392,0.0228,-0.028,0.007,0.007
2.0,0.64059997,-0.76639998,-0.0402,0.0219,-0.032,0.006,0.006
2.0,0.64069998,-0.76629996,-0.0411,0.021,-0.034,0.001,0.008
2.0,0.64089996,-0.76609999,-0.042,0.0202,-0.03,-0.001,0.012
2.0,0.64109999,-0.76589996,-0.0428,0.0194,-0.024,-0.007,0.01
2.0,0.64120001,-0.7658,-0.0435,0.0187,-0.022,-0.007,0.01
2.0,0.64129996,-0.76569998,-0.0441,0.018,-0.018,-0.005,0.01
2.0,0.64139998,-0.76559997,-0.0448,0.0174,-0.018,0.0,0.008
2.0,0.6415,-0.76550001,-0.0454,0.0168,-0.022,0.001,0.008
2.0,0.64160001,-0.76539999,-0.046,0.0162,-0.025,0.003,0.007
2.0,0.64169997,-0.76529998,-0.0464,0.0158,-0.027,0.002,0.004
2.0,0.64169997,-0.76519996,-0.0469,0.0153,-0.035,0.004,-0.002
2.0,0.64179999,-0.76519996,-0.0473,0.0147,-0.036,0.006,-0.001
2.0,0.6419,-0.7651,-0.0477,0.0141,-0.028,0.005,0.007
2.0,0.64199996,-0.76499999,-0.0481,0.0136,-0.023,0.001,0.012
2.0,0.64209998,-0.76489997,-0.0484,0.0131,-0.026,0.0,0.004
2.0,0.64209998,-0.76479995,-0.0487,0.0128,-0.025,-0.002,0.005
2.0,0.64219999,-0.7647,-0.049,0.0125,-0.026,-0.003,0.004
2.0,0.64230001,-0.76459998,-0.0492,0.0123,-0.024,-0.006,0.006
2.0,0.64239997,-0.76459998,-0.0493,0.0121,-0.016,-0.009,0.007
2.0,0.64249998,-0.76449996,-0.0493,0.012,-0.01,-0.006,0.007
2.0,0.6426,-0.76440001,-0.0494,0.012,-0.007,0.001,0.005
2.0,0.64269996,-0.76429999,-0.0494,0.012,-0.008,0.001,0.005
2.0,0.64279997,-0.76419997,-0.0494,0.012,-0.007,0.001,0.007
2.0,0.64279997,-0.76419997,-0.0493,0.012,-0.002,0.003,0.006
2.0,0.64289999,-0.76419997,-0.0492,0.012,-0.002,0.005,0.003
2.0,0.64289999,-0.76419997,-0.0492,0.0119,-0.003,0.01,0.004
2.0,0.64300001,-0.76409996,-0.0492,0.0118,-0.001,0.008,0.006
2.0,0.64309996,-0.764,-0.0493,0.0117,-0.002,0.005,0.008
2.0,0.64319998,-0.76389998,-0.0494,0.0116,-0.005,0.001,0.008
2.0,0.6433,-0.76379997,-0.0494,0.0116,-0.004,-0.002,0.006
2.0,0.64349997,-0.76370001,-0.0494,0.0115,0.0,0.0,0.007
2.0,0.64359999,-0.76359999,-0.0493,0.0114,0.0,-0.001,0.007
2.0,0.6437,-0.76349998,-0.0492,0.0114,0.003,0.001,0.009
2.0,0.64379996,-0.76349998,-0.049,0.0115,0.003,0.004,0.012
2.0,0.64389998,-0.76339996,-0.0488,0.0116,0.0,0.006,0.012
2.0,0.64389998,-0.76339996,-0.0485,0.0118,0.001,0.005,0.008
2.0,0.64399999,-0.76339996,-0.0481,0.0121,0.006,0.005,0.007
2.0,0.64399999,-0.76339996,-0.0477,0.0124,0.009,0.006,0.004
2.0,0.64399999,-0.76339996,-0.0474,0.0126,0.01,0.004,0.001
2.0,0.64399999,-0.76339996,-0.047,0.0127,0.015,0.005,0.001
2.0,0.64410001,-0.7633,-0.0467,0.0128,0.014,0.005,0.002
2.0,0.64410001,-0.7633,-0.0464,0.0128,0.009,0.007,0.0
2.0,0.64419997,-0.7633,-0.0462,0.0129,0.007,0.008,0.002
