datanew_1,datanew_2,datanew_3,datanew_4
-0.049172778136,-0.066081217576,-0.41810728051,0.172452797104
-0.049374078128,-0.066081217576,-0.41810728051,0.172452797104
-0.04957373812,-0.065885597584,-0.41831554,0.172255197108
-0.049781538112,-0.065898257584,-0.41851044,0.172278637106
-0.049974658104,-0.065689937592,-0.418481011448,0.17208103711
-0.050174318096,-0.065702577592,-0.41867315117,0.172104477108
-0.050367438088,-0.065715217592,-0.41867315117,0.171906877112
-0.05055899808,-0.065727857592,-0.41867315117,0.171948638942
-0.050752138072,-0.065731397592,-0.41885199144,0.171948638942
-0.050937218064,-0.065722297592,-0.41884927144,0.171774458942
-0.051136878056,-0.0655264776,-0.41884655144,0.17179789894
-0.051136878056,-0.0655264776,-0.419028151948,0.17180559817
-0.051328478048,-0.0655173576,-0.419223031944,0.171631398172
-0.05152813804,-0.0655207776,-0.41941791194,0.171639078172
-0.051727798032,-0.0655207776,-0.41941791194,0.171662478172
-0.051727798032,-0.065710937592,-0.419567207650001,0.171662478172
-0.051912938024,-0.065710937592,-0.419553967650001,0.171495898174
-0.052112598016,-0.065701797592,-0.419540727650001,0.171495898174
-0.052106138016,-0.065701797592,-0.419540727650001,0.171519278174
-0.052106138016,-0.065692657592,-0.419524847650001,0.171542658174
-0.052091678016,-0.065692657592,-0.419524847650001,0.17156851087
-0.052091678016,-0.065683517592,-0.41970650713,0.171394211116001
-0.052085238016,-0.065683517592,-0.41969328713,0.171394211116001
-0.052085238016,-0.065674377592,-0.419885547124,0.171417571116001
-0.052070838016,-0.065677657592,-0.419872347124,0.171417571116001
-0.052062878016,-0.065677657592,-0.420054007118,0.171440931116001
-0.052062878016,-0.065668497592,-0.420054007118,0.171448471870001
-0.052054918016,-0.065668497592,-0.420054007118,0.171471811868001
-0.052040598016,-0.065668497592,-0.420038267118,0.171471811868001
-0.052232318008,-0.065671717592,-0.420038267118,0.17129753164
-0.052232318008,-0.065684097592,-0.420038267118,0.17129753164
-0.052218058008,-0.065674897592,-0.420022567118,0.17132835089
-0.0524227185,-0.065674897592,-0.420204267112,0.17132835089
-0.0524147985,-0.0654787376,-0.420188627112,0.17135167089
-0.0524084985,-0.0654787376,-0.420175487112,0.17135167089
-0.052608178494,-0.0654910776,-0.420357207106,0.17137499089
-0.052608178494,-0.0654941576,-0.420354767106,0.1711773509
-0.052608178494,-0.0654725976,-0.420341647106,0.1712006709
-0.052601878494,-0.0654725976,-0.420341647106,0.1712006709
-0.052793678488,-0.0654633576,-0.420328527106,0.1712080909
-0.052793678488,-0.0654510776,-0.420313027106,0.17124959454
-0.052785798488,-0.0654418576,-0.420299927106,0.17124959454
-0.052779538488,-0.0654541176,-0.420299927106,0.17127289454
-0.052779538488,-0.0654541176,-0.420297567106,0.17128027454
-0.052765438488,-0.0654448776,-0.420479327614001,0.17128027454
-0.052765438488,-0.0654386382,-0.420479327614001,0.17130355454
-0.052958878482,-0.0654386382,-0.420671847608001,0.17130355454
-0.052951058482,-0.065628738194,-0.420658787608001,0.17130355454
-0.052951058482,-0.065616518194,-0.420645727608001,0.17132683454
-0.052943238482,-0.065607318194,-0.420632667608001,0.171334175274
-0.052929238482,-0.065806638188,-0.420632667608001,0.171334175274
-0.052721758488,-0.065797438188,-0.420617347608001,0.17134151454
-0.052721758488,-0.065797438188,-0.420604307608001,0.17136475454
-0.052713958488,-0.065984578182,-0.420604307608001,0.17136475454
-0.052713958488,-0.065984578182,-0.420799167602001,0.17137207454
-0.052506478494,-0.065996758182,-0.420799167602001,0.17139529454
-0.052506478494,-0.065987558182,-0.420604307608001,0.171197634546
-0.052492578494,-0.065987558182,-0.420591267608001,0.171197634546
-0.052484798494,-0.065987558182,-0.420563007608001,0.171197634546
-0.052484798494,-0.065987558182,-0.420355127614001,0.171228134546
-0.052678398488,-0.065987558182,-0.420342107614001,0.171228134546
-0.052878078482,-0.065800398188,-0.420329087614001,0.171228134546
-0.052885838482,-0.065800398188,-0.420316067614001,0.171220854546
-0.052891938482,-0.065800398188,-0.420316067614001,0.171220854546
-0.053091618476,-0.065800398188,-0.420316067614001,0.171228134546
-0.053085518476,-0.065809618188,-0.420108207106,0.171220854546
-0.053085518476,-0.065809618188,-0.420149111404,0.171220854546
-0.05329295847,-0.065610298194,-0.420149111404,0.171220854546
-0.05328683847,-0.065601078194,-0.419954231408,0.171244074546
-0.053087158476,-0.065601078194,-0.419954231408,0.171244074546
-0.053087158476,-0.065601078194,-0.419967231408,0.171244074546
-0.053087158476,-0.0654017582,-0.419980231408,0.171244074546
-0.053094898476,-0.065211658206,-0.419980231408,0.171244074546
-0.053094898476,-0.065211658206,-0.419980231408,0.171236814546
-0.053087158476,-0.065003118212,-0.419980231408,0.171236814546
-0.053081038476,-0.065012338212,-0.419965131408,0.171244074546
-0.053081038476,-0.065003118212,-0.419950071408,0.171244074546
-0.053073318476,-0.064990958212,-0.420131991404,0.171244074546
-0.053073318476,-0.065003118212,-0.420129931404,0.171267294546
-0.053073318476,-0.064803798218,-0.420142871404,0.171274534546
-0.05325919847,-0.064803798218,-0.420142871404,0.17149039636
-0.05325919847,-0.064803798218,-0.420144951404,0.17147219454
-0.05325919847,-0.064803798218,-0.420144951404,0.17151359636
-0.053059518476,-0.064604478224,-0.420144951404,0.17149539454
-0.053059518476,-0.064604478224,-0.420144951404,0.171693054534
-0.052859838482,-0.06440515823,-0.420131991404,0.171693054534
-0.052865918482,-0.06441731823,-0.419937111408,0.171693054534
-0.052865918482,-0.06441731823,-0.419924151408,0.171693054534
-0.052858198482,-0.06441731823,-0.419924151408,0.171716254534
-0.052852138482,-0.06441731823,-0.419740171412,0.171716254534
-0.052852138482,-0.06440807823,-0.419742231412,0.171716254534
-0.052859838482,-0.06440807823,-0.419755191412,0.171739454534
-0.052852138482,-0.06439593823,-0.419755191412,0.171739454534
-0.052859838482,-0.06439593823,-0.419768151412,0.171739454534
-0.052859838482,-0.064187398236,-0.419755191412,0.171739454534
-0.052660158488,-0.064187398236,-0.419755191412,0.171762654534
-0.052452778494,-0.064199518236,-0.419742231412,0.171762654534
-0.052446718494,-0.064187398236,-0.419742231412,0.171755494534
-0.052439038494,-0.064187398236,-0.419740171412,0.171755494534
-0.052439038494,-0.064187398236,-0.419545291416,0.171755494534
-0.052439038494,-0.064187398236,-0.419545291416,0.171804076356
-0.052432998494,-0.064187398236,-0.41940626,0.171804076356
-0.052432998494,-0.064178178236,-0.41940418,0.171804076356
-0.052432998494,-0.064178178236,-0.41940418,0.171804076356
-0.052432998494,-0.064166078236,-0.419543231416,0.171804076356
-0.052432998494,-0.064166078236,-0.419530311416,0.171827276356
-0.052419318494,-0.064166078236,-0.419517391416,0.172024936584
-0.052419318494,-0.064166078236,-0.419712271412,0.172024936584
-0.052419318494,-0.064156878236,-0.419699351412,0.171827276356
-0.0522169995,-0.064156878236,-0.419697351412,0.171827276356
-0.0522169995,-0.064156878236,-0.419502471416,0.171827276356
-0.0522169995,-0.064156878236,-0.4195583,0.171827276356
-0.0522093595,-0.064156878236,-0.4193763,0.171827276356
-0.052017299502,-0.064147678236,-0.41918138051,0.171850476356
-0.0522169995,-0.063936298242,-0.41918138051,0.171850476356
-0.0522179985,-0.063936298242,-0.41918138051,0.171857577066
-0.0522179985,-0.063927118242,-0.41916848051,0.171857577066
-0.052411678494,-0.063927118242,-0.4193505,0.171880757064
-0.052409059498,-0.063927118242,-0.4193376,0.171880757064
-0.052409059498,-0.063739838248,-0.4193376,0.171880757064
-0.052409059498,-0.063739838248,-0.4193376,0.171683077068
-0.052403079498,-0.063742658248,-0.41912978051,0.17169015636
-0.052395459498,-0.063754678248,-0.419127820314,0.17171331636
-0.052387839498,-0.063766698248,-0.419127820314,0.17171331636
-0.052387839498,-0.063778718248,-0.419114940316,0.17171331636
-0.052380219498,-0.063790738248,-0.41912978051,0.17173647636
-0.052387839498,-0.063591418254,-0.41893488051,0.171729437064
-0.052387839498,-0.063591418254,-0.418932920314,0.171729437064
-0.052395459498,-0.06339209826,-0.418920040316,0.171729437064
-0.052395459498,-0.063192778266,-0.418725140316,0.171752617062
-0.052397099498,-0.063192778266,-0.418755083180001,0.171554937066
-0.052397099498,-0.063192778266,-0.418740303372001,0.171561956364
-0.052598399496,-0.063180758266,-0.418543483380001,0.171585116364
-0.052605979496,-0.063180758266,-0.418543483380001,0.171585116364
-0.052799659494,-0.063177998266,-0.418543483380001,0.171585116364
-0.052799659494,-0.06337731826,-0.418725563372001,0.171585116364
-0.052799659494,-0.06337731826,-0.418725563372001,0.171585116364
-0.052799659494,-0.06336527826,-0.418725563372001,0.171561956364
-0.052792099494,-0.06336527826,-0.418725563372001,0.171585116364
-0.052577279496,-0.063573838254,-0.418712723372001,0.17178279636
-0.052569719496,-0.063573838254,-0.418712723372001,0.17178279636
-0.052562159496,-0.063552558254,-0.418515943380001,0.17175963636
-0.052362459498,-0.063552558254,-0.418528763380001,0.17175963636
-0.052354899498,-0.063552558254,-0.418515943380001,0.17176665636
-0.052360799498,-0.063552558254,-0.418515943380001,0.17176665636
-0.052560499496,-0.063561778254,-0.418503123380001,0.17177367636
-0.052760199494,-0.063549718254,-0.418685223372001,0.17177367636
-0.052766099494,-0.063549718254,-0.418687043372001,0.17178069636
-0.052758499494,-0.063549718254,-0.418466443380001,0.17178069636
-0.052758499494,-0.063558918254,-0.418466443380001,0.171787717062
-0.052750899494,-0.063570998254,-0.418440763380001,0.171805920702
-0.052743299494,-0.063570998254,-0.41824586288,0.171985397058
-0.052737459494,-0.063570998254,-0.41824760288,0.171985397058
-0.052735699494,-0.063570998254,-0.41824760288,0.171985397058
-0.052735699494,-0.063561778254,-0.41823474288,0.172003620702
-0.052728099494,-0.063561778254,-0.418444243206001,0.17201064
-0.052720499494,-0.063761098248,-0.418444243206001,0.17201064
-0.052726279494,-0.063761098248,-0.418249342706,0.17201064
-0.052925979492,-0.063960418242,-0.41825108288,0.17201064
-0.052918359492,-0.063948358242,-0.41825108288,0.17201064
-0.052918359492,-0.063948358242,-0.41823818288,0.17201064
-0.052918359492,-0.064147678236,-0.41822698288,0.17201064
-0.052910739492,-0.064147678236,-0.41822698288,0.17201064
-0.052703419494,-0.064147678236,-0.41821406288,0.17201064
-0.052703419494,-0.064159738236,-0.41820114288,0.17181294
-0.052503719496,-0.06435905823,-0.418004562888,0.17181996
-0.052496099496,-0.06435905823,-0.418004562888,0.17181996
-0.052490399496,-0.06435905823,-0.418004562888,0.17181996
-0.052688179494,-0.06435905823,-0.418006222888,0.17181996
-0.052688179494,-0.06435905823,-0.417993302888,0.17181996
-0.052688179494,-0.06435905823,-0.417798382896,0.17201766
-0.052887879492,-0.06435905823,-0.417980382888,0.17201766
-0.052887879492,-0.064567598224,-0.417980382888,0.17201766
-0.052887879492,-0.064567598224,-0.417967462888,0.17201766
-0.052887879492,-0.064567598224,-0.417967462888,0.17199462
-0.052887879492,-0.064546318224,-0.417967462888,0.17178988
-0.052887879492,-0.064555518224,-0.417967462888,0.17178988
-0.052887879492,-0.064555518224,-0.417967462888,0.17178988
-0.052688179494,-0.064754838218,-0.417759622896,0.17178988
-0.052688179494,-0.064754838218,-0.417772542896,0.17178988
-0.052688179494,-0.064754838218,-0.417620367178,0.17157618
-0.052688179494,-0.064754838218,-0.417592162904,0.17157618
-0.052693859494,-0.064745638218,-0.417800022896,0.17157618
-0.052686219494,-0.064546318224,-0.417800022896,0.17156912
-0.052686219494,-0.064546318224,-0.417788702896,0.17156912
-0.052885919492,-0.064546318224,-0.417788702896,0.17157618
-0.052885919492,-0.064546318224,-0.417775742896,0.17157618
-0.052885919492,-0.064546318224,-0.417775742896,0.17157618
-0.052872639492,-0.064555518224,-0.417762782896,0.17157618
-0.052872639492,-0.064567598224,-0.417762782896,0.17157618
-0.052865019492,-0.064567598224,-0.417762782896,0.17156912
-0.052865019492,-0.064579678224,-0.417764362896,0.17156912
-0.052865019492,-0.064567598224,-0.417764362896,0.17156912
-0.052865019492,-0.064567598224,-0.417764362896,0.17156912
-0.052665319494,-0.06436827823,-0.417751382896,0.17156912
-0.052670939494,-0.06438959823,-0.417556462904,0.17174376
-0.052878279492,-0.064588918224,-0.417554902904,0.17194146
-0.052878279492,-0.064588918224,-0.417597647178,0.17194146
-0.052878279492,-0.064588918224,-0.417610607178,0.171923236356
-0.052885919492,-0.064588918224,-0.417569442904,0.171923236356
-0.052680559494,-0.064588918224,-0.417569442904,0.171893077066
-0.052686219494,-0.064598158224,-0.417625167178,0.171893077066
-0.052686219494,-0.064586038224,-0.417430207690001,0.17169539707
-0.052686219494,-0.064586038224,-0.417430207690001,0.17169539707
-0.052686219494,-0.064586038224,-0.417248247696001,0.17168829636
-0.052693859494,-0.064586038224,-0.417248247696001,0.17166519636
-0.052693859494,-0.064785358218,-0.417261227696001,0.17166519636
-0.052693859494,-0.064785358218,-0.417261227696001,0.171672317072
-0.052699539494,-0.064785358218,-0.417259587696001,0.171672317072
-0.052699539494,-0.064595258224,-0.417456167690001,0.171474637076
-0.052691879494,-0.064583118224,-0.417443187690001,0.171672317072
-0.052691879494,-0.064583118224,-0.417443187690001,0.171672317072
-0.052691879494,-0.064583118224,-0.417638147178,0.17167943636
-0.052883919492,-0.064592318224,-0.417638147178,0.17167943636
-0.052883919492,-0.064592318224,-0.417582422904,0.17167943636
-0.052883919492,-0.064592318224,-0.417584022904,0.17167943636
-0.052876259492,-0.06439299823,-0.417584022904,0.171854056356
-0.052876259492,-0.06439299823,-0.417571022904,0.171854056356
-0.052868599492,-0.06439299823,-0.417765942896,0.171854056356
-0.052668899494,-0.06439299823,-0.417765942896,0.171854056356
-0.052661239494,-0.06439299823,-0.417571022904,0.171854056356
-0.052666819494,-0.06439299823,-0.417584022904,0.171854056356
-0.052674499494,-0.06439299823,-0.417585622904,0.172051716584
-0.052674499494,-0.064193678236,-0.417598642904,0.172051716584
-0.052680099494,-0.064202878236,-0.417600262904,0.172051716584
-0.052680099494,-0.064202878236,-0.417600262904,0.172051716584
-0.052680099494,-0.064215058236,-0.417588822904,0.172044577298
-0.052680099494,-0.064224278236,-0.417392283420001,0.172044577298
-0.052672399494,-0.064224278236,-0.417392283420001,0.172044577298
-0.052666819494,-0.064224278236,-0.417392283420001,0.172219197064
-0.052467119496,-0.064224278236,-0.417435007690001,0.172219197064
-0.052467119496,-0.064224278236,-0.417405323420001,0.172219197064
-0.052467119496,-0.064224278236,-0.417405323420001,0.172219197064
-0.052467119496,-0.064236478236,-0.417418363420001,0.172219197064
-0.052480399496,-0.064236478236,-0.417418363420001,0.172219197064
-0.052480399496,-0.064236478236,-0.417420003420001,0.172219197064
-0.052478279496,-0.064236478236,-0.417420003420001,0.172219197064
-0.052478279496,-0.064245718236,-0.417406943420001,0.172219197064
-0.052478279496,-0.064245718236,-0.417405323420001,0.172188936348
-0.052470559496,-0.064245718236,-0.417405323420001,0.172188936348
-0.052265299498,-0.064245718236,-0.417418363420001,0.172188936348
-0.052265299498,-0.064254958236,-0.417614942904,0.172188936348
-0.052265299498,-0.064254958236,-0.417628002904,0.172188936348
-0.052265299498,-0.064254958236,-0.417628002904,0.172188936348
-0.052470559496,-0.06445427823,-0.417641062904,0.172188936348
-0.052478279496,-0.06445427823,-0.417641062904,0.172188936348
-0.052478279496,-0.06445427823,-0.417629662904,0.172188936348
-0.052478279496,-0.06445427823,-0.417629662904,0.172188936348
-0.052476119496,-0.06445427823,-0.417629662904,0.172165836348
-0.052476119496,-0.06446651823,-0.417629662904,0.172165836348
-0.052276419498,-0.06446651823,-0.417629662904,0.171968136584
-0.052276419498,-0.06446651823,-0.417629662904,0.171975337304
-0.052268679498,-0.06446651823,-0.417642742904,0.171975337304
-0.052468379496,-0.06446651823,-0.417824582896,0.171975337304
-0.052468379496,-0.064665838224,-0.418019502888,0.171975337304
-0.052668079494,-0.064665838224,-0.418006422888,0.171975337304
-0.052668079494,-0.064675098224,-0.417811502896,0.171975337304
-0.052867779492,-0.064675098224,-0.417798422896,0.171975337304
-0.052875519492,-0.064675098224,-0.417798422896,0.171777677076
-0.052675819494,-0.064675098224,-0.417800042896,0.171754597078
-0.052675819494,-0.064669177632,-0.417800042896,0.171754597078
-0.052675819494,-0.064868477624,-0.417605122904,0.171747376356
-0.052675819494,-0.064856217624,-0.417618222904,0.17154969636
-0.052875519492,-0.064856217624,-0.417618222904,0.17152659636
-0.052875519492,-0.064865457624,-0.417631322904,0.17152659636
-0.052875519492,-0.064865457624,-0.417839342896,0.17152659636
-0.052875519492,-0.064853177624,-0.417827902896,0.17152659636
-0.052875519492,-0.065052477616,-0.417827902896,0.17152659636
-0.052867779492,-0.064853177624,-0.417827902896,0.171533837084
-0.052867779492,-0.065052477616,-0.417813142896,0.171336157088
-0.052867779492,-0.065052477616,-0.418008062888,0.171336157088
-0.052867779492,-0.065052477616,-0.418008062888,0.17131307709
-0.05307301949,-0.065052477616,-0.41795382,0.17131307709
-0.05307301949,-0.064853177624,-0.41795382,0.17131307709
-0.05306525949,-0.064853177624,-0.41795382,0.17131307709
-0.05306525949,-0.064853177624,-0.41795544,0.17131307709
-0.05305749949,-0.064853177624,-0.41795544,0.17131307709
-0.05305749949,-0.064653877632,-0.41796858,0.17131307709
-0.05305749949,-0.064659798224,-0.41795544,0.17131307709
-0.05306299949,-0.064659798224,-0.41795706,0.17131307709
-0.05306299949,-0.064659798224,-0.4179423,0.171510757086
-0.053254919488,-0.064659798224,-0.4179423,0.171510757086
-0.053254919488,-0.064659798224,-0.41812406,0.17151801636
-0.053262699488,-0.064659798224,-0.41812406,0.17151801636
-0.053262699488,-0.064659798224,-0.41812406,0.17151801636
-0.053262699488,-0.064650578224,-0.4181388,0.17154107636
-0.053262699488,-0.064650578224,-0.4181388,0.17173151708
-0.05306299949,-0.064650578224,-0.4181388,0.17173151708
-0.05305521949,-0.064662838224,-0.41812564,0.171533837084
-0.05305521949,-0.064662838224,-0.4179439,0.171533837084
-0.052855519492,-0.064662838224,-0.41793074,0.171533837084
-0.052847739492,-0.064662838224,-0.417778582896,0.171533837084
-0.052847739492,-0.06446351823,-0.417791742896,0.171533837084
-0.052847739492,-0.06446351823,-0.417791742896,0.171533837084
-0.052847739492,-0.06446351823,-0.417790142896,0.171533837084
-0.052855519492,-0.06446351823,-0.417595222904,0.171533837084
-0.052850039492,-0.06446351823,-0.417582082904,0.171556917082
-0.052850039492,-0.06447577823,-0.417582082904,0.171556917082
-0.052850039492,-0.06447577823,-0.417568942904,0.171556917082
-0.052857799492,-0.064276458236,-0.417568942904,0.171556917082
-0.052857799492,-0.064285718236,-0.417555802904,0.171556917082
-0.052857799492,-0.064279837648,-0.417555802904,0.17152659636
-0.052857799492,-0.064279837648,-0.417542662904,0.17152659636
-0.052650339494,-0.064080537656,-0.417542662904,0.17152659636
-0.052650339494,-0.064080537656,-0.417359323420001,0.17152659636
-0.052650339494,-0.064080537656,-0.417359323420001,0.17152659636
-0.052658099494,-0.064080537656,-0.417372443420001,0.171724276356
-0.052658099494,-0.063881237664,-0.417372443420001,0.171724276356
-0.052665859494,-0.063902797664,-0.417385563420001,0.171724276356
-0.052665859494,-0.063902797664,-0.417385563420001,0.17173151708
-0.052466159496,-0.063902797664,-0.417385563420001,0.171929177308
-0.052466159496,-0.063715797672,-0.417372443420001,0.171929177308
-0.052466159496,-0.063715797672,-0.417177523428001,0.171921936584
-0.052466159496,-0.063728097672,-0.417164403428001,0.171945036584
-0.052458399496,-0.063737417672,-0.417164403428001,0.172142736348
-0.052458399496,-0.06355043768,-0.417207107696001,0.172142736348
-0.052458399496,-0.06355977768,-0.417207107696001,0.172119636348
-0.052458399496,-0.06357211768,-0.417164403428001,0.172119636348
-0.052466159496,-0.06357211768,-0.417207107696001,0.172119636348
-0.052266459498,-0.06359383768,-0.417012167702001,0.172310076344
-0.052473919496,-0.063394537688,-0.417012167702001,0.172310076344
-0.052481679496,-0.063394537688,-0.417012167702001,0.172310076344
-0.052483859496,-0.063416297688,-0.416815687708001,0.172310076344
-0.052491599496,-0.063416297688,-0.416802587708001,0.172284554516
-0.052499339496,-0.063416297688,-0.416802587708001,0.172284554516
-0.052499339496,-0.063216997696,-0.416815687708001,0.172284554516
-0.052507079496,-0.063226397696,-0.416815687708001,0.172284554516
-0.052501439496,-0.063238797696,-0.416828787708001,0.172254154516
-0.052509159496,-0.063039497704,-0.416841887708001,0.172254154516
-0.052516879496,-0.063048917704,-0.416841887708001,0.172444555236
-0.052317179498,-0.063036497704,-0.416841887708001,0.172444555236
-0.052324899498,-0.063036497704,-0.416827227708001,0.172444555236
-0.052324899498,-0.063024077704,-0.416632287714001,0.172444555236
-0.052324899498,-0.062812357712,-0.416617667714001,0.17264221523
-0.052324899498,-0.062799937712,-0.416630727714001,0.17264221523
-0.0521174795,-0.062799937712,-0.416630727714001,0.172839875224
-0.0521097595,-0.062799937712,-0.416825667708001,0.172847134498
-0.051902339502,-0.06259129772,-0.416840307708001,0.173021634492
-0.051694919504,-0.06259129772,-0.417022167702001,0.173219294486
-0.051495219506,-0.06257889772,-0.417009087702001,0.173219294486
-0.051493099506,-0.06258821772,-0.417010627702001,0.173219294486
-0.051485359506,-0.06258821772,-0.416814147708001,0.17342423448
-0.051477619506,-0.06258821772,-0.416814147708001,0.17342423448
-0.051669579504,-0.06257889772,-0.416606127714001,0.173621874708001
-0.051669579504,-0.062778197712,-0.416593047714001,0.173621874708001
-0.051861539502,-0.062765797712,-0.416579967714001,0.173826834468
-0.051853799502,-0.062765797712,-0.416581447714001,0.173826834468
-0.051859299502,-0.062765797712,-0.416568347714001,0.173826834468
-0.051651839504,-0.062952697704,-0.416373427214,0.173826834468
-0.051457619506,-0.062952697704,-0.416388007214,0.173826834468
-0.051257919508,-0.063142717696,-0.416388007214,0.173826834468
-0.051250139508,-0.063142717696,-0.416376347214,0.173629154708001
-0.051250139508,-0.063142717696,-0.41622401574,0.173629154708001
-0.051250139508,-0.063354397688,-0.416042195742,0.173629154708001
-0.051250139508,-0.063354397688,-0.415847235744,0.173629154708001
-0.051250139508,-0.06354439768,-0.41565077625,0.17343151448
-0.051442059506,-0.063743697672,-0.41565077625,0.17343151448
-0.051442059506,-0.063743697672,-0.415845755744,0.17343151448
-0.051442059506,-0.063743697672,-0.415845755744,0.173233854486
-0.051242359508,-0.063942997664,-0.416042195742,0.173036194492
-0.051442059506,-0.063942997664,-0.416042195742,0.173043474492
-0.051442059506,-0.064142297656,-0.415847235744,0.173043474492
-0.051442059506,-0.064129937656,-0.415847235744,0.172845814498
-0.051641759504,-0.064329237648,-0.415847235744,0.172822714498
-0.051641759504,-0.064329237648,-0.415834095744,0.172625054504
-0.051628559504,-0.064329237648,-0.415834095744,0.172625054504
-0.051628559504,-0.06451925764,-0.416015915742,0.172625054504
-0.051828259502,-0.06451925764,-0.416015915742,0.17242739451
-0.051828259502,-0.06451925764,-0.41615512722,0.17242739451
-0.0520201995,-0.064718557632,-0.416350067214,0.17244569634
-0.0520201995,-0.064709277632,-0.416350067214,0.172248016344
-0.052212139498,-0.064696957632,-0.416544987714001,0.172248016344
-0.052212139498,-0.064709277632,-0.416546407714001,0.172057637078
-0.052411839496,-0.064908577624,-0.416546407714001,0.172057637078
-0.052411839496,-0.064899297624,-0.416546407714001,0.171859937314
-0.052404079496,-0.064899297624,-0.416546407714001,0.171859937314
-0.052603779494,-0.064899297624,-0.416533247714001,0.171859937314
-0.052603779494,-0.064899297624,-0.416728187708001,0.171662277086
-0.052603779494,-0.065098597616,-0.416729587708001,0.171662277086
-0.052803479492,-0.065098597616,-0.416924527702001,0.171685357084
-0.05299541949,-0.065098597616,-0.416881843436001,0.171487677088
-0.053195119488,-0.065101597616,-0.417063583428001,0.171487677088
-0.053189779488,-0.065300897608,-0.417063583428001,0.171487677088
-0.053397219486,-0.065300897608,-0.417063583428001,0.171487677088
-0.053596919484,-0.065300897608,-0.417050403428001,0.171289997092
-0.053596919484,-0.065300897608,-0.417050403428001,0.171289997092
-0.053796619482,-0.065300897608,-0.417245323420001,0.171282716364
-0.053796619482,-0.0655001976,-0.417440262904,0.1710850166
-0.053791259482,-0.0655001976,-0.417648362896,0.1710850166
-0.053798979482,-0.0654908976,-0.417648362896,0.1710850166
-0.053798979482,-0.065677937592,-0.4178137,0.1710850166
-0.053798979482,-0.065677937592,-0.41782688,0.170887356372
-0.05399867948,-0.065668657592,-0.41782688,0.170887356372
-0.05399867948,-0.065867957584,-0.41783862,0.170689676376
-0.05399867948,-0.065867957584,-0.41783862,0.170689676376
-0.05399867948,-0.065867957584,-0.41783862,0.17049199638
-0.05399095948,-0.065855717584,-0.41803208,0.170517380728
-0.05399095948,-0.065855717584,-0.41821382051,0.170319680728
-0.05398323948,-0.066045757576,-0.41839558051,0.170319680728
-0.05398323948,-0.066045757576,-0.41858908051,0.170319680728
-0.05397019948,-0.066045757576,-0.41857734051,0.170319680728
-0.054169899478,-0.066045757576,-0.41877224051,0.17032696
-0.054169899478,-0.066036497576,-0.418729351936,0.17035002
-0.054369599476,-0.066036497576,-0.418729351936,0.17035002
-0.054561599474,-0.066036497576,-0.418730731936,0.17035002
-0.054561599474,-0.066030358182,-0.41891247142,0.17035002
-0.054553899474,-0.066030358182,-0.41891247142,0.17035002
-0.054553899474,-0.066030358182,-0.41889931142,0.17035002
-0.054546199474,-0.066021118182,-0.41888615142,0.17035728
-0.054546199474,-0.066021118182,-0.41887169142,0.17038032
-0.054533259474,-0.066021118182,-0.41887169142,0.17018262
-0.054533259474,-0.065821798188,-0.41888483142,0.17018262
-0.054528019474,-0.065821798188,-0.418691251936,0.17038756
-0.054528019474,-0.065821798188,-0.418691251936,0.17041058
-0.054528019474,-0.065833978188,-0.418678091936,0.17041058
-0.054520359474,-0.065634658194,-0.41852608051,0.17041058
-0.054520359474,-0.065634658194,-0.41851292051,0.17041058
-0.054512699474,-0.065634658194,-0.41851292051,0.17041058
-0.054512699474,-0.0654353382,-0.41849976051,0.17041058
-0.054507499474,-0.0654231582,-0.41848536051,0.17041058
-0.054507499474,-0.0654231582,-0.41868026051,0.1704336
-0.054707199472,-0.0654231582,-0.41866590051,0.1704336
-0.054701999472,-0.0654139182,-0.41847100051,0.1704336
-0.05490931947,-0.0654139182,-0.41866590051,0.1704336
-0.05490931947,-0.0654139182,-0.41865278051,0.1704336
-0.05490931947,-0.065214598206,-0.41865278051,0.1704336
-0.055109019468,-0.065214598206,-0.41865278051,0.1704336
-0.05490931947,-0.065214598206,-0.41880479142,0.17045662
-0.05490169947,-0.065214598206,-0.41880479142,0.17045662
-0.05490169947,-0.065214598206,-0.41880479142,0.17044944
-0.05488889947,-0.065205358206,-0.41881791142,0.17044944
-0.05488889947,-0.065205358206,-0.41866590051,0.17044944
-0.05488889947,-0.065193218206,-0.41866590051,0.17047248
-0.05488889947,-0.0653925382,-0.41866468051,0.17047248
-0.05489649947,-0.0653925382,-0.41866468051,0.17047248
-0.055096199468,-0.0653833182,-0.41866468051,0.17047964
-0.055096199468,-0.0653833182,-0.41865158051,0.17047964
-0.055088599468,-0.0653740982,-0.4188465,0.17047964
-0.055083419468,-0.0653740982,-0.41879049142,0.17030496
-0.055075839468,-0.0653740982,-0.41878931142,0.17030496
-0.055075839468,-0.0653861982,-0.41877623142,0.17030496
-0.055275539466,-0.065198978206,-0.41877623142,0.17030496
-0.055267959466,-0.065198978206,-0.41883222,0.17010726
-0.055267959466,-0.065211078206,-0.4188334,0.17010726
-0.055467659464,-0.065011758212,-0.4188465,0.17010726
-0.055667359462,-0.065035958212,-0.4188465,0.170148312784
-0.055667359462,-0.064848738218,-0.41879049142,0.169950592792
-0.055667359462,-0.064661518224,-0.41879167142,0.169950592792
-0.05586191946,-0.064673618224,-0.41877855142,0.169950592792
-0.05586947946,-0.06448639823,-0.41877855142,0.169950592792
-0.056076739458,-0.064299178236,-0.41877739142,0.1697457528
-0.056283999456,-0.064299178236,-0.4188203,0.1697457528
-0.056491259454,-0.064111958242,-0.41879049142,0.1697457528
-0.056690959452,-0.064111958242,-0.41880359142,0.16972064
-0.057092679448,-0.064133518242,-0.419011571416,0.16952292023
-0.057292379446,-0.064145638242,-0.419011571416,0.16952292023
-0.057499619444,-0.063946318248,-0.419219551412,0.169515800942
-0.057699319442,-0.064136158242,-0.419427531408,0.169515800942
-0.05789901944,-0.064136158242,-0.419440631408,0.16950868023
-0.05790655944,-0.064136158242,-0.419453731408,0.169311
-0.058106259438,-0.064136158242,-0.419465511408,0.169311
-0.058106259438,-0.064325998236,-0.419478591408,0.169311
-0.058113799438,-0.064325998236,-0.419686551404,0.169311
-0.058113799438,-0.064313918236,-0.419698251404,0.169311
-0.058113799438,-0.064313918236,-0.419850107614001,0.169311
-0.057714399442,-0.06451323823,-0.419850107614001,0.169311
-0.057514699444,-0.06450377823,-0.420044967608001,0.169311
-0.057514699444,-0.064304458236,-0.420044967608001,0.169138353536
-0.057706859442,-0.064292398236,-0.420046347608001,0.169138353536
-0.057706859442,-0.064292398236,-0.419838407614001,0.169138353536
-0.057694059442,-0.064292398236,-0.419837047614001,0.169138353536
-0.057686539442,-0.064282958236,-0.419823987614001,0.169161433534
-0.05788623944,-0.064294998236,-0.419629147106,0.169161433534
-0.058085939438,-0.064282958236,-0.419810927614001,0.169168532824
-0.058078419438,-0.064062178242,-0.419797867614001,0.169168532824
-0.058278119436,-0.064050158242,-0.419979667608001,0.169198672824
-0.058270599436,-0.064050158242,-0.420174527602001,0.169205752824
-0.058263079436,-0.064040758242,-0.420174527602001,0.169205752824
-0.058255559436,-0.064028758242,-0.420369387596001,0.169403472816
-0.058440219434,-0.064019378242,-0.420370667596001,0.169433553522
-0.058427599434,-0.064218698236,-0.420370667596001,0.169433553522
-0.058420099434,-0.064197358236,-0.420162727602001,0.169433553522
-0.058405099434,-0.064185398236,-0.420149647602001,0.169440612816
-0.058397599434,-0.06438471823,-0.420136567602001,0.169661293036001
-0.058382599434,-0.064574698224,-0.420123487602001,0.169661293036001
-0.058375099434,-0.064553438224,-0.420097327602001,0.169654253740001
-0.058372539434,-0.064740838218,-0.420097327602001,0.169654253740001
-0.058365019434,-0.064918958212,-0.420097327602001,0.169684273036001
-0.058349979434,-0.065108998206,-0.420097327602001,0.169684273036001
-0.058142759436,-0.0652990382,-0.420084247602001,0.169486572816
-0.058127719436,-0.065697678188,-0.420072287602001,0.169493592816
-0.05812583718,-0.065887718182,-0.419851227608001,0.169493592816
-0.05811555718,-0.06628635817,-0.419838127608001,0.169295872824
-0.05790075719,-0.066485678164,-0.419630167614001,0.169313814618
-0.05788567719,-0.066675718158,-0.419465211404,0.169123094624
-0.0576755172,-0.066875038152,-0.419465211404,0.16892535463
-0.05746067721,-0.067074358146,-0.419257231408,0.16893237463
-0.05725339722,-0.06725259814,-0.419258231408,0.168734634636
-0.05724583722,-0.067451918134,-0.419063351412,0.168741655338
-0.05723827722,-0.067451918134,-0.419037111412,0.168543915344
-0.05723071722,-0.067639438128,-0.419023991412,0.168353194648
-0.05723071722,-0.067639438128,-0.418802871416,0.168203158218
-0.05743043721,-0.067838758122,-0.418763511416,0.167982518444
-0.0576301572,-0.067838758122,-0.418737271416,0.167784778222
-0.05782987719,-0.067838758122,-0.41851615142,0.167389258226
-0.05802203718,-0.067826958122,-0.41833790051,0.167198498452
-0.05821725717,-0.067826958122,-0.41811676051,0.167175658452
-0.05820971717,-0.067836178122,-0.41789562051,0.16697791823
-0.05840189716,-0.068035498116,-0.41770072051,0.166787198936
-0.05840189716,-0.068023678116,-0.417340582888,0.166589438938
-0.05859407715,-0.067824358122,-0.417341202888,0.16656661894
-0.05859407715,-0.067821718122,-0.417341202888,0.16656661894
-0.05838681716,-0.067821718122,-0.417341202888,0.166559558234
-0.05837927716,-0.068042078116,-0.41749396,0.166757318232
-0.05837927716,-0.06824139811,-0.41768884051,0.166757318232
-0.05837173716,-0.06822953811,-0.41767628051,0.166757318232
-0.05856391715,-0.06823871811,-0.41766310051,0.16695507823
-0.05856391715,-0.068438038104,-0.41764992051,0.16695507823
-0.05875609714,-0.068459118104,-0.41783164051,0.167152818452
-0.05874101714,-0.068658438098,-0.41783164051,0.167350598226
-0.05853375715,-0.068866958092,-0.41801336051,0.167548358224
-0.05853803715,-0.069075478086,-0.41820878051,0.167746118222
-0.05853803715,-0.06929595808,-0.418152691936,0.167746118222
-0.05854231715,-0.069718518068,-0.418165891936,0.167716198222
-0.05853473715,-0.070125297408,-0.418165891936,0.167686238222
-0.05873445714,-0.070713897384,-0.418165891936,0.167396394672
-0.05874631714,-0.071653558008,-0.418166411936,0.166797473140001
-0.05894603713,-0.072539837978,-0.41780628051,0.165819534702
-0.05915335712,-0.073781477936,-0.41718194,0.164654000754
-0.05936067711,-0.075040439298,-0.416184323436001,0.16307552
-0.0595647171,-0.076282119284,-0.415744847714001,0.161235833048
-0.05976443709,-0.07754493927,-0.415718767714001,0.158927578278
-0.05996847708,-0.07880447628,-0.41535618722,0.1559402315
-0.060381679412,-0.07988119622,-0.414980367232,0.15217929499
-0.060800799408,-0.08140311614,-0.414243736256,0.147433437624
-0.061227699404,-0.08281007607,-0.413116979322001,0.141832714596
-0.0616547194,-0.084439119198,-0.412185463096,0.135716634846
-0.061878979398,-0.08622171918,-0.41103131207,0.129280299482
-0.061903699398,-0.088518179156,-0.409110380496,0.122595915812
-0.061919338194,-0.091198639128,-0.405545055844,0.116326054648
-0.0617586782,-0.094303237288,-0.4002873877,0.11062738
-0.061394038212,-0.098084856232,-0.392658924386001,0.105261235072
-0.061250418218,-0.10228692,-0.382929280446,0.100516998814
-0.061518538212,-0.10687521794,-0.373457932364,0.09637135427
-0.062189257592,-0.111609076766,-0.36542946,0.092553959956
-0.063272697552,-0.11670329435,-0.359524185374,0.08901279785
-0.06435902,-0.122416197624,-0.355265849496001,0.085686636908
-0.06544944,-0.1293955,-0.35225456,0.082577041116
-0.065733298732,-0.137406535986,-0.350256105656,0.079684898012
-0.065197718744,-0.14658899428,-0.348786349284,0.076823999212
-0.063844158772,-0.15654141235,-0.347993609692001,0.074170278112
-0.061269278824,-0.16766533179,-0.347316196444,0.071309597246
-0.058082158888,-0.179525636476,-0.346687722640001,0.068609918516
-0.05427178,-0.19229782,-0.34579530231,0.06592441565
-0.05023444,-0.206036311872,-0.345117826258001,0.06330417577
-0.04577498,-0.22031026911,-0.344356905912,0.06086085588
-0.04030699848,-0.235599555514,-0.343548586322001,0.058208436
-0.034035938728,-0.251691637502,-0.342527672992,0.055904359336
-0.026347559032,-0.268327432222001,-0.341241813392,0.05359227924
-0.01705599955,-0.285567668880001,-0.340099633036,0.051471079258
-0.00594767988,-0.304003593936,-0.33872739306,0.049538579896
0.006790179656,-0.323781807056,-0.337758853684,0.04758679853
0.02135732,-0.343491636148,-0.336789673092,0.045884958606
0.03758305922,-0.36348148041,-0.3362297931,0.04455560141
0.055042179438,-0.383935108384,-0.3360399062,0.04354391932
0.07355208,-0.404517684140001,-0.336115886192,0.042687838076
0.093066778128,-0.424625507076,-0.336582863090001,0.0423102
0.1145578,-0.443280490936,-0.337191156536,0.042421121496
0.13802927862,-0.460037126590001,-0.338118729968001,0.0427905
0.16226618,-0.47465278,-0.339156386466001,0.043545177918
0.186614952552,-0.486511165178001,-0.340500660388,0.04479186
0.21153874945,-0.496087740604002,-0.341900593,0.04625639856
0.237882877628,-0.503453266040001,-0.343588289856001,0.04787671632
0.267546611702001,-0.508613615138,-0.345476096886,0.049865238488
0.299302408378001,-0.512790874688,-0.34777557331,0.052000521608
0.33198491007,-0.516451470134,-0.350075080402,0.0541324
0.3644384618,-0.519896761752,-0.352373849666001,0.056607277528
0.396107620524,-0.522575968235999,-0.35463376041,0.05901527577
0.426658190972,-0.523044694636002,-0.357084385942001,0.06157294
0.45478780623,-0.520608353532001,-0.35944663678,0.064161460756
0.479733390014,-0.515907683624,-0.36185014,0.066607840734
0.502390280342001,-0.509417545872001,-0.364346302010001,0.0684979625479998
0.524342224800001,-0.501526139168,-0.367117425152,0.070226000698
0.545463520998,-0.492554015478,-0.369908149216001,0.071531478112
0.566196371920002,-0.481979130814,-0.372736005354001,0.072364917156
0.58652647572,-0.469622406206001,-0.375686229032001,0.072762896208
0.606141429810001,-0.455587801942001,-0.378668544742001,0.073075441614
0.625271643206001,-0.44012547161,-0.381568544952001,0.07259669718
0.64402509174,-0.422776487614001,-0.384770500880001,0.07212524
0.662297307812001,-0.4042247794,-0.387769843998,0.071308898156
0.679359702716001,-0.384176844864001,-0.39076056002,0.069973758184
0.695491565278002,-0.36297214163,-0.39383803983,0.068688139106
0.710522284734,-0.340999260366,-0.396615,0.067386097198
0.724689711268001,-0.318743269914,-0.399091675902,0.06598663567
0.738683176444,-0.29636007975,-0.401605420524,0.064441977342
0.751927512276002,-0.27429581751,-0.404149460594,0.062742639932
0.764204983628,-0.25197832,-0.406517479156,0.060863279176
0.775582671656,-0.22979537092,-0.408901083688001,0.05896484
0.786078474912001,-0.208192571994001,-0.411781116306,0.05713865765
0.795703742374003,-0.187161694682001,-0.41543386713,0.0550159393
0.804788378388,-0.16644589196,-0.419989576234,0.0527713
0.813117233414,-0.14628169761,-0.4250565556,0.0501288428899998
0.820835975584001,-0.12674992,-0.430540740604,0.04708415647
0.827789884632,-0.10831827497,-0.436268390948,0.043865559324
0.833985493060001,-0.09079716,-0.44210969082,0.040071400372
0.839660113684,-0.074422238026,-0.447704406938001,0.035779699262
0.844724863024,-0.05915675749,-0.453186886528001,0.031154878896
0.849031665376001,-0.045417698552,-0.458167715234,0.026251998996
0.852576332294001,-0.03335939904,-0.462755516844001,0.020959119552
0.855584494362,-0.022951719728,-0.467173535834,0.0153035997
0.857895912066001,-0.0142870999,-0.47147757544,0.009477580656
0.85973662521,-0.007756120028,-0.47584253519,0.003304819468
0.861062798324002,-0.002566860256,-0.479555705718001,-0.002823400808
0.86212096204,0.001077559608,-0.48319987506,-0.009092040136
0.863053342176001,0.003194319768,-0.486713043959999,-0.015091120288
0.863581173526,0.004099219756,-0.489984354864,-0.0210035
0.863629953750002,0.003743879884,-0.49306697412,-0.026879838352
0.863220975646002,0.001396899908,-0.496201994784,-0.03290407818
0.862129503898,-0.00470226003,-0.499151519786001,-0.038977877498
0.860574584730001,-0.01485279965,-0.502013191044001,-0.045248998454
0.858619931338,-0.029851778754,-0.505445420826,-0.051297737504
0.856039560514,-0.046617139616,-0.50918878,-0.05746109844
0.8532342528,-0.06389879944,-0.513057575422,-0.06355801771
0.849794789654,-0.080063037112,-0.516935170736,-0.07008052
0.845773811128001,-0.09429985569,-0.521237558736001,-0.076640638796
0.84126099885,-0.10582879804,-0.525544055314,-0.0838072366
0.836791502838,-0.11435491463,-0.529982688708,-0.09117555848
0.833807233596,-0.12106263423,-0.534299304782001,-0.099219858636
0.835026420126,-0.12804939381,-0.538647452204001,-0.107862358662
0.842360727216001,-0.137693095968,-0.54357284,-0.11691182
0.850853123068,-0.149479717168,-0.548467062402,-0.12640349645
0.855147691734,-0.16249271682,-0.552961183248001,-0.135642816304
0.856070635180002,-0.174972794996001,-0.556809755052,-0.14452789215
0.855483010606,-0.184891198192,-0.559445646994,-0.152208016014
0.854520650582,-0.191352194366,-0.561118495016,-0.158885075524
0.851911720616,-0.19636564,-0.561926128986,-0.164688496876
0.848148061308,-0.200230132072,-0.562164416928001,-0.169903178374
0.84417979676,-0.204111835948,-0.561955147952,-0.174964718312
0.839225725348002,-0.207797931736,-0.56175621721,-0.18031084
0.832754806548,-0.211797977892,-0.561961615006,-0.18613647818
0.824713375084001,-0.215806669392001,-0.56188526983,-0.1932459905
0.816096122522,-0.21946344,-0.561682135848,-0.201685890190001
0.807681104884,-0.222092115568,-0.56135479501,-0.211442237904
0.799191133842,-0.223699691064,-0.559673295024,-0.22226747558
0.790732585162,-0.224528475512,-0.55576309008,-0.233587875344
0.782694665322,-0.224772595504,-0.549747508168,-0.24490768777
0.774556636754001,-0.2248796555,-0.54234312,-0.25562599763
0.765636719608,-0.224429015654,-0.533168482834,-0.26555326669
0.756475045816,-0.22363287567,-0.522279896262,-0.274666637452
0.747262339946001,-0.222477315548,-0.509872999976002,-0.283036588608
0.738061523944,-0.221328895572,-0.495776723291999,-0.29082592023
0.729189988936,-0.219752671208,-0.480409093643999,-0.2991194
0.720196282552,-0.217781455644,-0.46434267014,-0.30798433687
0.711209686628,-0.21538416,-0.44856332,-0.316803733818
0.701798419002001,-0.212402773768001,-0.433217857760001,-0.324946566696
0.692025538082,-0.20923544,-0.41826856769,-0.33174542033
0.682289785624,-0.206271051886001,-0.403358467836001,-0.33700272
0.672196958388001,-0.20314989797,-0.388523616466,-0.34092540944
0.661855778748001,-0.199634634018,-0.373310744312,-0.343000329734001
0.651183422270001,-0.196139432168,-0.357313957018,-0.343955562554001
0.6400535062,-0.192213298082,-0.34108692,-0.343699613714
0.628739109376001,-0.188119436248,-0.324535836606,-0.342569267062001
0.617154201900001,-0.18421059082,-0.308003636782,-0.340559326200001
0.605091217104001,-0.180092578206,-0.291407405402,-0.337643752952
0.592861016018,-0.175766413,-0.27560761748,-0.334239922934001
0.580217598966,-0.17144897147,-0.260881274544,-0.33016972
0.56757086,-0.167111218338,-0.246901112248,-0.325607756976
0.554702664716001,-0.163172320086,-0.233405515108,-0.320262163622001
0.541613962389999,-0.159449396832,-0.220909628696001,-0.314322823928001
0.528497389152,-0.15611483845,-0.208806249302001,-0.307515384284001
0.515073745794001,-0.15277203242,-0.197093917926,-0.299799567488
0.501482594068001,-0.149836515542,-0.185738258924,-0.291148851210001
0.487664760726,-0.14729543562,-0.174191674492,-0.281801700294
0.47367634554,-0.145130577124,-0.162891713128,-0.271284857182
0.459782579676,-0.14311572,-0.15239454,-0.259823069216
0.445979681912,-0.141476594462001,-0.14285833718,-0.24788718715
0.432517091244,-0.140031294448,-0.13464477289,-0.23509788
0.419297343048,-0.139023115866,-0.12733569327,-0.221280575416
0.4062059795,-0.138614255878,-0.120838734888,-0.20664099358
0.393799776498,-0.137997198632,-0.115480536334,-0.1911438
0.381674825060001,-0.13716483864,-0.110892895304,-0.175050578186
0.370212689228001,-0.13636815324,-0.107078158866,-0.158751993416
0.359010865552,-0.13576047327,-0.103830598316,-0.142075115578
0.3477246,-0.13515721464,-0.10133776,-0.125452418698
0.337002253546,-0.13411859468,-0.09922575474,-0.109064517736
0.326408593736,-0.133306277356,-0.097714236892,-0.092735256152
0.316237933636,-0.132489157372,-0.096609816928,-0.07685244
0.306267227672,-0.13171466,-0.095983758984,-0.061552558092
0.296176697266,-0.1308977,-0.096156879448,-0.046996478064
0.285962928724001,-0.1302826,-0.09715448,-0.0331923983
0.275548311902001,-0.1296709,-0.098539958964,-0.0205138
0.265352594864,-0.12947916,-0.099894878952,-0.00855575958
0.255575169736,-0.12951444,-0.100798657226,0.002610659904
0.245883270306001,-0.12976726,-0.101436916814,0.01298695958
0.23618286,-0.12983386,-0.10198571505,0.02296247878
0.226458030936,-0.129888997428,-0.102983760406,0.032338719316
0.21713893783,-0.129783837432,-0.104280617808,0.04078823785
0.20802580962,-0.12947567488,-0.1062793944,0.04851739847
0.199103192064,-0.129256434896,-0.108635235408,0.05548236
0.18997041244,-0.12908687364,-0.111219357644,0.062030278704
0.181604954588,-0.128736898734,-0.11415249758,0.06841901858
0.173960093096,-0.127763276238,-0.116738557524,0.07421848
0.16765215169,-0.126768295032,-0.11900774,0.078984016768
0.1614804784,-0.12559,-0.12071223488,0.082954957468
0.154714596936,-0.124818657564,-0.122199594816,0.086806779122
0.147101715632,-0.12426719758,-0.124232954728,0.09059053544
0.137841355908,-0.12369977399,-0.126776397308,0.09441555526
0.127531397476,-0.12350847401,-0.129597318622,0.09835667507
0.116581958846,-0.123506857608,-0.133068596454,0.102200378976
0.104800057924,-0.123693435216,-0.137419758532,0.106195956808
0.092590778164,-0.124056835208,-0.143272772530001,0.109963155592
0.080911437588,-0.12416316,-0.1509678,0.11330972
0.07041741649,-0.12440334,-0.160765215050001,0.116461877664
0.06095959756,-0.124424,-0.17088529721,0.119027596418
0.05276303894,-0.124661118798,-0.180908871174,0.120838796364
0.0454153,-0.124950538796,-0.19015399795,0.12226053387
0.03892358,-0.125458376376,-0.19864759455,0.12349763381
0.03367413829,-0.12596759394,-0.20601916891,0.12410923378
0.02986181848,-0.126499038784,-0.211777353166,0.12468467875
0.02686355863,-0.12704441878,-0.217056190672,0.124859198748
0.02486303873,-0.127778577548,-0.221887776278,0.124828978748
0.02324449881,-0.12831529508,-0.225963132728,0.124805098748
0.0213832789,-0.12884287383,-0.2294179077,0.12459251875
0.019304459,-0.12955999876,-0.232069478604,0.124390798752
0.01679933912,-0.130443836256,-0.234734754968,0.124005358756
0.01410099925,-0.131141916238,-0.237265715242,0.123827958758
0.01098294,-0.13202713369,-0.240016230852,0.123447418762
0.00787554,-0.13289044,-0.24260558147,0.123254358764
0.00537194,-0.13374378,-0.245430921148,0.123050118766
0.00323974,-0.134561697428,-0.24818703768,0.123044938766
0.002077199928,-0.135369257412,-0.250703433136,0.123243238764
0.001094239944,-0.136165257396,-0.252965926826001,0.123450498762
0.000311959912,-0.137368794744,-0.254379694904,0.12366569876
-0.000436000064,-0.138562234696,-0.255805909406001,0.124076638756
-0.00112170005,-0.13973053331,-0.25721627725,0.12467459875
-0.00196646001,-0.14087713325,-0.259025192038001,0.125233717488
-0.00237537999,-0.14201189319,-0.26096201477,0.125986077472
-0.00316059995,-0.143368573234001,-0.26351468715,0.126736437456
-0.00375067992,-0.144547438612,-0.266203489866,0.127677054872
-0.00392727991,-0.1457516986,-0.269291791348,0.129043034816
-0.00389927991,-0.14675423577,-0.272194454544,0.13041042
-0.00347151993,-0.147783055858001,-0.274967725650001,0.13201
-0.00264899997,-0.148610194288,-0.278005991066,0.133606678658
-0.002021,-0.149451674256,-0.28082658,0.135226958642
-0.00099844005,-0.15006872,-0.284095012212,0.136834135878
1.47999000000001e-05,-0.15069972,-0.28710175425,0.13863005304
0.00080001986,-0.15131938,-0.290313700402,0.14025003296
0.00117201984,-0.15193591708,-0.293655384688001,0.14186446
0.00153431982,-0.152356837196,-0.297146225478,0.1434928
0.001663099962,-0.152579077068,-0.300814007112,0.144901917092
0.00179607996,-0.152614597068,-0.304677704110001,0.146320177064
0.00172419996,-0.152836917064,-0.30836374143,0.147738037036
0.001451899962,-0.152857895596,-0.31210110328,0.148928214024
0.001183439892,-0.152694895602,-0.315648423508,0.149933753984
0.000909839898,-0.152321135614,-0.318996566328,0.150731273952
0.000855399898,-0.151946935626,-0.3219141862,0.15131851241
0.000601079904,-0.151561095638,-0.324388830036001,0.15171295239
0.000546239904,-0.150978817104,-0.326500072996,0.15191231238
0.000117119916,-0.150605117112,-0.328118383884,0.15251039235
-0.000302320096,-0.150044917124,-0.329251459022,0.15270543234
-0.001085620064,-0.149683557132,-0.330506256938,0.15269673234
-0.002069440018,-0.14932275714,-0.331596056446,0.15268359234
-0.002848319994,-0.148949277148,-0.332701136918,0.15247535235
-0.003861999964,-0.148377497284,-0.333611477926,0.15226723236
-0.004905379912,-0.147991837168,-0.334497036902,0.15205887237
-0.005988959872,-0.147606597176,-0.335187456414,0.15165549239
-0.007067099832,-0.14742011718,-0.33568267641,0.1514469924
-0.008161159792,-0.147221357184,-0.33619884203,0.15123395241
-0.00922884,-0.146811557192,-0.336694082490001,0.15102527242
-0.0100774,-0.14657639732,-0.337219302470001,0.15082143243
-0.01070632,-0.14614434,-0.337960849176,0.15041329245
-0.0111456,-0.1457223,-0.338489949164,0.150020633976
-0.01140524,-0.14548736,-0.339195269624001,0.149617373992
-0.01185796,-0.145091454448,-0.339730252756,0.149219134008
-0.012519119816,-0.144693854464,-0.340198952748,0.148815894024
-0.012961359808,-0.144471194472,-0.34022879424,0.148417114102001
