,loss,accuracy,binary_accuracy,categorical_accuracy,val_loss,val_accuracy,val_binary_accuracy,val_categorical_accuracy
0,0.3962859511375427,0.8753721714019775,0.5,1.0,0.39890265464782715,0.863095223903656,0.5,1.0
1,0.3764670789241791,0.8753721714019775,0.5,1.0,0.4052934944629669,0.863095223903656,0.5,1.0
2,0.3769708275794983,0.8753721714019775,0.5,1.0,0.3993072807788849,0.863095223903656,0.5,1.0
3,0.3771808445453644,0.8753721714019775,0.5,1.0,0.39818134903907776,0.863095223903656,0.5,1.0
4,0.3755483627319336,0.8753721714019775,0.5,1.0,0.39615586400032043,0.863095223903656,0.5,1.0
5,0.3825540840625763,0.8753721714019775,0.5,1.0,0.39886075258255005,0.863095223903656,0.5,1.0
6,0.3764721751213074,0.8753721714019775,0.5,1.0,0.3994003236293793,0.863095223903656,0.5,1.0
7,0.37564268708229065,0.8753721714019775,0.5,1.0,0.40703871846199036,0.863095223903656,0.5,1.0
8,0.37466731667518616,0.8753721714019775,0.5,1.0,0.39614176750183105,0.863095223903656,0.5,1.0
9,0.36226898431777954,0.8753721714019775,0.5,1.0,0.3304288983345032,0.863095223903656,0.5,1.0
10,0.2610931992530823,0.8851552605628967,0.5,0.9493832588195801,0.20049914717674255,0.8839285969734192,0.5,0.8819444179534912
11,0.26871252059936523,0.8668651580810547,0.5,0.9302424788475037,0.2301558405160904,0.863095223903656,0.5,1.0
12,0.23190189898014069,0.8770735859870911,0.5,0.9174818992614746,0.20548558235168457,0.8859127163887024,0.5,0.870039701461792
13,0.2184506207704544,0.8817524313926697,0.5,0.9298170804977417,0.20194783806800842,0.8789682388305664,0.5,0.976190447807312
14,0.23106224834918976,0.8779242634773254,0.5,0.8613355755805969,0.20838706195354462,0.863095223903656,0.5,1.0
15,0.2102721482515335,0.8813270926475525,0.5,0.9523606896400452,0.20609015226364136,0.9126983880996704,0.5,0.8154761791229248
16,0.19518601894378662,0.9013186097145081,0.5,0.8558060526847839,0.19606104493141174,0.908730149269104,0.5,0.8234127163887024
17,0.2166903167963028,0.8762229084968567,0.5,0.8749468326568604,0.20357106626033783,0.8789682388305664,0.5,0.9047619104385376
18,0.1932055652141571,0.8898341059684753,0.5,0.894512951374054,0.20835961401462555,0.8859127163887024,0.5,0.8878968358039856
19,0.2106178253889084,0.8821777701377869,0.5,0.8613355755805969,0.19926124811172485,0.8779761791229248,0.5,0.9196428656578064
20,0.1948697715997696,0.8932369351387024,0.5,0.8783496618270874,0.19160206615924835,0.898809552192688,0.5,0.841269850730896
21,0.19796490669250488,0.8953636884689331,0.5,0.8455976247787476,0.1910722255706787,0.9097222089767456,0.5,0.8224206566810608
22,0.19631969928741455,0.8932369351387024,0.5,0.8604848980903625,0.19277983903884888,0.8898809552192688,0.5,0.8640872836112976
23,0.20408448576927185,0.883028507232666,0.5,0.858783483505249,0.19607283174991608,0.879960298538208,0.5,0.8958333134651184
24,0.20316824316978455,0.8953636884689331,0.5,0.849851131439209,0.2052115648984909,0.8819444179534912,0.5,0.9335317611694336
25,0.203978031873703,0.8855805993080139,0.5,0.9166312217712402,0.22288545966148376,0.8928571343421936,0.5,0.7916666865348816
26,0.19577109813690186,0.891960859298706,0.5,0.8455976247787476,0.20818524062633514,0.9117063283920288,0.5,0.8125
27,0.19851955771446228,0.8902594447135925,0.5,0.8515525460243225,0.20939373970031738,0.9117063283920288,0.5,0.8184523582458496
28,0.20554380118846893,0.8932369351387024,0.5,0.8749468326568604,0.1971088945865631,0.9117063283920288,0.5,0.8184523582458496
29,0.19879424571990967,0.8915355205535889,0.5,0.8672904968261719,0.20630939304828644,0.8878968358039856,0.5,0.8720238208770752
30,0.19413290917873383,0.8962143659591675,0.5,0.8804764151573181,0.20366254448890686,0.8849206566810608,0.5,0.89682537317276
31,0.19791412353515625,0.8936622738838196,0.5,0.8702679872512817,0.2093503177165985,0.908730149269104,0.5,0.8095238208770752
32,0.19518180191516876,0.8851552605628967,0.5,0.8651637434959412,0.18907012045383453,0.89682537317276,0.5,0.8591269850730896
33,0.19448968768119812,0.8872820138931274,0.5,0.8553807139396667,0.19156457483768463,0.8938491940498352,0.5,0.8720238208770752
34,0.1944083869457245,0.8936622738838196,0.5,0.8515525460243225,0.18794308602809906,0.9027777910232544,0.5,0.8432539701461792
35,0.1886524260044098,0.894512951374054,0.5,0.8447468876838684,0.20298811793327332,0.8829365372657776,0.5,0.9226190447807312
36,0.1995435506105423,0.8898341059684753,0.5,0.8723947405815125,0.18602238595485687,0.903769850730896,0.5,0.8482142686843872
37,0.19709427654743195,0.8894087672233582,0.5,0.8515525460243225,0.18852351605892181,0.8908730149269104,0.5,0.8928571343421936
38,0.1977173089981079,0.8974904417991638,0.5,0.868141233921051,0.1891506165266037,0.8898809552192688,0.5,0.8938491940498352
39,0.1972312033176422,0.8928115963935852,0.5,0.8779242634773254,0.2007780373096466,0.870039701461792,0.5,0.9930555820465088
40,0.18899497389793396,0.8970651030540466,0.5,0.849851131439209,0.2248033881187439,0.8769841194152832,0.5,0.9801587462425232
41,0.19729477167129517,0.8923861980438232,0.5,0.8868566751480103,0.1836918592453003,0.9067460298538208,0.5,0.8472222089767456
42,0.19166302680969238,0.8932369351387024,0.5,0.8766482472419739,0.19487877190113068,0.9017857313156128,0.5,0.8025793433189392
43,0.19367054104804993,0.897915780544281,0.5,0.8430455327033997,0.18788987398147583,0.89682537317276,0.5,0.8789682388305664
44,0.19148136675357819,0.891960859298706,0.5,0.8864312767982483,0.19752942025661469,0.886904776096344,0.5,0.9007936716079712
45,0.18584899604320526,0.8928115963935852,0.5,0.8566567301750183,0.19065189361572266,0.8928571343421936,0.5,0.9265872836112976
46,0.19623973965644836,0.8940876126289368,0.5,0.8689919114112854,0.1851830929517746,0.9057539701461792,0.5,0.8521825671195984
47,0.19175347685813904,0.8949383497238159,0.5,0.8672904968261719,0.1879826784133911,0.8839285969734192,0.5,0.903769850730896
48,0.18666359782218933,0.8898341059684753,0.5,0.8502764701843262,0.1923811286687851,0.9117063283920288,0.5,0.83432537317276
49,0.18664757907390594,0.8957890272140503,0.5,0.8536792993545532,0.18913571536540985,0.886904776096344,0.5,0.9067460298538208
50,0.18264122307300568,0.8940876126289368,0.5,0.8604848980903625,0.18384520709514618,0.8938491940498352,0.5,0.8978174328804016
51,0.19291990995407104,0.8864312767982483,0.5,0.8868566751480103,0.18190862238407135,0.9027777910232544,0.5,0.8035714030265808
52,0.18148508667945862,0.8915355205535889,0.5,0.8570820689201355,0.1771879494190216,0.9117063283920288,0.5,0.8382936716079712
53,0.18178902566432953,0.8949383497238159,0.5,0.8732454180717468,0.1794656366109848,0.9047619104385376,0.5,0.8055555820465088
54,0.19077210128307343,0.8911101818084717,0.5,0.8600595593452454,0.22355249524116516,0.9017857313156128,0.5,0.8660714030265808
55,0.18798670172691345,0.8894087672233582,0.5,0.8634623289108276,0.1781540811061859,0.9027777910232544,0.5,0.8710317611694336
56,0.1898241639137268,0.8966397047042847,0.5,0.8996171951293945,0.19052626192569733,0.8908730149269104,0.5,0.9583333134651184
57,0.18598344922065735,0.9004678726196289,0.5,0.8728200793266296,0.17861099541187286,0.9146825671195984,0.5,0.8353174328804016
58,0.18105068802833557,0.8940876126289368,0.5,0.8451722860336304,0.20104527473449707,0.908730149269104,0.5,0.8373016119003296
59,0.17855726182460785,0.9064227938652039,0.5,0.9145044684410095,0.19629089534282684,0.903769850730896,0.5,0.8680555820465088
60,0.1887701451778412,0.8957890272140503,0.5,0.9285410642623901,0.1908726990222931,0.8878968358039856,0.5,0.9692460298538208
61,0.17748050391674042,0.8915355205535889,0.5,0.874096155166626,0.18641448020935059,0.8938491940498352,0.5,0.8402777910232544
62,0.17686815559864044,0.9034453630447388,0.5,0.9081242084503174,0.2034057378768921,0.8670634627342224,0.5,0.9960317611694336
63,0.19890883564949036,0.8894087672233582,0.5,0.8872820138931274,0.17981140315532684,0.903769850730896,0.5,0.8521825671195984
64,0.18416503071784973,0.8949383497238159,0.5,0.8332624435424805,0.1786910742521286,0.903769850730896,0.5,0.858134925365448
65,0.17967621982097626,0.8957890272140503,0.5,0.8545299768447876,0.1734655201435089,0.9146825671195984,0.5,0.8373016119003296
66,0.1821230798959732,0.9017439484596252,0.5,0.8553807139396667,0.18321596086025238,0.9017857313156128,0.5,0.9077380895614624
67,0.17662478983402252,0.9008932113647461,0.5,0.8528285622596741,0.17267990112304688,0.91567462682724,0.5,0.8402777910232544
68,0.17797750234603882,0.9034453630447388,0.5,0.8502764701843262,0.17603887617588043,0.9067460298538208,0.5,0.8710317611694336
69,0.1853204220533371,0.9021692872047424,0.5,0.8745214939117432,0.17394791543483734,0.9077380895614624,0.5,0.8184523582458496
70,0.17892701923847198,0.8983411192893982,0.5,0.8596342206001282,0.18018238246440887,0.903769850730896,0.5,0.9335317611694336
71,0.17279712855815887,0.9064227938652039,0.5,0.9102509617805481,0.1708826720714569,0.908730149269104,0.5,0.9226190447807312
72,0.17253197729587555,0.9115270376205444,0.5,0.9264143109321594,0.16801689565181732,0.9027777910232544,0.5,0.8650793433189392
73,0.1788301318883896,0.9013186097145081,0.5,0.8660144805908203,0.17221808433532715,0.9057539701461792,0.5,0.8859127163887024
74,0.16978108882904053,0.906848132610321,0.5,0.8672904968261719,0.1605815291404724,0.9107142686843872,0.5,0.8789682388305664
75,0.17558689415454865,0.9098256230354309,0.5,0.8966397047042847,0.15853771567344666,0.9176587462425232,0.5,0.8998016119003296
76,0.1621684730052948,0.9179072976112366,0.5,0.9132283926010132,0.15500447154045105,0.9265872836112976,0.5,0.9126983880996704
77,0.17576728761196136,0.9085495471954346,0.5,0.9098256230354309,0.16001848876476288,0.9236111044883728,0.5,0.891865074634552
78,0.15104718506336212,0.9196086525917053,0.5,0.9149298071861267,0.153056800365448,0.91567462682724,0.5,0.9414682388305664
79,0.14820349216461182,0.9298170804977417,0.5,0.921735405921936,0.13967661559581757,0.932539701461792,0.5,0.898809552192688
80,0.1408606469631195,0.9340705871582031,0.5,0.9208847284317017,0.13973206281661987,0.9335317611694336,0.5,0.8958333134651184
81,0.13255199790000916,0.9357720017433167,0.5,0.9106763005256653,0.1262350231409073,0.9394841194152832,0.5,0.8759920597076416
82,0.11441129446029663,0.9438536763191223,0.5,0.8974904417991638,0.10394581407308578,0.9484127163887024,0.5,0.898809552192688
83,0.12236057221889496,0.9442790150642395,0.5,0.8877073526382446,0.1264820545911789,0.942460298538208,0.5,0.9107142686843872
84,0.11546725779771805,0.9498085975646973,0.5,0.9051467180252075,0.10400902479887009,0.9484127163887024,0.5,0.8928571343421936
85,0.09116751700639725,0.9634197950363159,0.5,0.8881326913833618,0.07028649747371674,0.983134925365448,0.5,0.8561508059501648
86,0.0960090309381485,0.9544874429702759,0.5,0.8843045234680176,0.1128472238779068,0.9404761791229248,0.5,0.9166666865348816
87,0.08454278111457825,0.9651212096214294,0.5,0.888983428478241,0.0665346160531044,0.97817462682724,0.5,0.8670634627342224
88,0.11076203733682632,0.9549127817153931,0.5,0.8838791847229004,0.15986639261245728,0.9077380895614624,0.5,0.879960298538208
89,0.11422479152679443,0.9476818442344666,0.5,0.8902594447135925,0.0903802290558815,0.9523809552192688,0.5,0.9047619104385376
90,0.08094052970409393,0.9651212096214294,0.5,0.8770735859870911,0.08506925404071808,0.95932537317276,0.5,0.8998016119003296
91,0.09693680703639984,0.9557635188102722,0.5,0.883028507232666,0.14520104229450226,0.9335317611694336,0.5,0.9295634627342224
92,0.07704027742147446,0.9655465483665466,0.5,0.8860059380531311,0.09291128069162369,0.9533730149269104,0.5,0.8263888955116272
93,0.09716834872961044,0.9587409496307373,0.5,0.8877073526382446,0.09334203600883484,0.9642857313156128,0.5,0.8849206566810608
94,0.07419299334287643,0.97022545337677,0.5,0.8762229084968567,0.09652452170848846,0.949404776096344,0.5,0.8759920597076416
95,0.07844002544879913,0.9638451933860779,0.5,0.8826031684875488,0.07653037458658218,0.9573412537574768,0.5,0.9017857313156128
96,0.07475753128528595,0.9680987000465393,0.5,0.8851552605628967,0.08568350970745087,0.9583333134651184,0.5,0.8908730149269104
97,0.07735835760831833,0.9625691175460815,0.5,0.8804764151573181,0.06214714050292969,0.9811508059501648,0.5,0.8561508059501648
98,0.05924548581242561,0.976180374622345,0.5,0.8813270926475525,0.10085946321487427,0.9533730149269104,0.5,0.8819444179534912
99,0.05900433659553528,0.9753296375274658,0.5,0.883028507232666,0.09070505201816559,0.9513888955116272,0.5,0.8998016119003296
