Var1_1,Var1_2,Var1_3,Var1_4
-0.000241592646545621,0.000310028049802243,-0.00025219484524424,2.15282114930936e-05
-0.000241592646545621,0.000126192717021509,-0.00025219484524424,2.15282114930936e-05
-0.000241592646545621,0.000126192717021509,-7.47226857693781e-05,4.96799787241939e-06
-6.90284080036921e-05,0.000133433124346979,1.71238068694887e-05,4.96799787241939e-06
-6.90284080036921e-05,-6.60833986068157e-05,1.64860614153342e-05,4.96799787241939e-06
-6.90284080036921e-05,-5.0473803049178e-05,1.71238068694887e-05,4.96799787241939e-06
0.000103538301216295,-5.0473803049178e-05,0.000108968825290358,-1.15921055574001e-05
0.000103538301216295,-4.32562028264208e-05,0.000108968825290358,-1.15921055574001e-05
0.000276107470796566,-0.000242779700330334,0.000108968825290358,-1.15921055574001e-05
0.00044867909041886,-0.000242779700330334,0.000201472225232403,-2.81520978036646e-05
0.000453964958248482,-0.000235564346636838,0.000201472225232403,-2.81520978036646e-05
0.000626521677035488,-0.000235564346636838,0.00020597487545216,0.000171147128587864
0.000726375502245372,-0.000435091871763015,0.000297844768920218,0.000171147128587864
0.000898944641044855,-0.000427878757299494,0.000475307002346097,0.000171147128587864
0.000898944641044855,-0.000627410294496422,0.000475307002346097,0.000154586640090297
0.000999711552610666,-0.000620199411962494,0.000567174488471954,0.000154586640090297
0.00100057953205135,-0.000620199411962494,0.000567840150917841,0.000154586640090297
0.00117314147969191,-0.000819734945677157,0.000745283648325309,0.000154586640090297
0.00117314147969191,-0.000804260304326294,0.000837160261196727,0.000154586640090297
0.00116788794352238,-0.0010038011601178,0.000837160261196727,0.000154586640090297
0.00134046963737403,-0.0010038011601178,0.000837160261196727,0.000134932244057456
0.00144120998418659,-0.000996614607859617,0.000837160261196727,0.000134932244057456
0.0012642047599104,-0.000996614607859617,0.00110581942620238,0.000134932244057456
0.0012642047599104,-0.00119615942935396,0.00110581942620238,0.000134932244057456
0.0012589389731587,-0.00119966592924903,0.00119306195498454,0.000131838337496688
0.00135964232046793,-0.00118426183967993,0.00119239332767115,0.000131838337496688
0.00135519439598456,-0.00118426183967993,0.00119239332767115,0.000131838337496688
0.00135519439598456,-0.00117604127647675,0.00119172368427153,0.000131838337496688
0.00152337361198,-0.00117604127647675,0.00118710768047395,0.000112125123035042
0.00151811613601455,-0.00116782136110763,0.00118643698314678,0.000112125123035042
0.00168632896714615,-0.00116069878654865,0.00118576540352317,0.000112125123035042
0.00168632896714615,-0.00116069878654865,0.00127222688541403,0.000109011722939753
0.00185376060324242,-0.00115249940665159,0.00127222688541403,0.000109011722939753
0.00174876780706654,-0.00115249940665159,0.00127154173669949,-9.02724352197559e-05
0.00174876780706654,-0.00113721852461141,0.00126690769199019,-9.33820951939986e-05
0.00174355480095664,-0.00113721852461141,0.00126690769199019,-0.00011036444594923
0.0017443788116587,-0.00112904033219881,0.00126622107816328,-0.00011349494491497
0.0018397043220801,-0.00112904033219881,0.00126622107816328,-0.00011349494491497
0.00201240794470125,-0.00112197871863483,0.00126553378346756,-0.00011349494491497
0.00200800480428399,-0.0013133639453644,0.00126553378346756,-0.00011349494491497
0.00200800480428399,-0.0013133639453644,0.00117505980426329,-0.00013017597723474
0.00200800480428399,-0.00111382106626083,0.00117434329378967,-0.00013017597723474
0.00218071825971884,-0.00111382106626083,0.00126601530165624,-0.00013017597723474
0.00208020726291179,-0.00109864288183852,0.00126601530165624,-0.00013017597723474
0.00208020726291179,-0.00109864288183852,0.00108847172010006,-0.00013017597723474
0.00225292290087715,-0.00109864288183852,0.00108847172010006,-0.00013017597723474
0.00225292290087715,-0.0010905064238409,0.00117434329378967,-0.00013017597723474
0.00225292290087715,-0.0010905064238409,0.00117434329378967,-0.000133325761164511
0.00225292290087715,-0.0010905064238409,0.00117505980426329,-0.000133325761164511
0.00224776270279653,-0.0010905064238409,0.00108337468714988,-0.000133325761164511
0.00234826396819025,-0.00129005346476462,0.00108799462221924,6.59669050159347e-05
0.00234387523194934,-0.00128305436560486,0.00117969599936182,-0.000133325761164511
0.00234387523194934,-0.00128305436560486,0.00117505980426329,-0.000133325761164511
0.00251146611875958,-0.00128305436560486,0.00117434329378967,-0.000133325761164511
0.00250709046273455,-0.00127493975429353,0.00117362603622257,-0.000136475426952049
0.00267986049849196,-0.00127493975429353,0.00134653514044715,-0.000136475426952049
0.00257508122056752,-0.00127493975429353,0.00134583278259126,-0.000153195769517001
0.00274786086121415,-0.00126682579294784,0.00152339536201886,-0.000156365029764391
0.00274275414813847,-0.00125986712664446,0.00152270869082317,-0.000156365029764391
0.00291555341739753,-0.00125986712664446,0.00152270869082317,-0.000156365029764391
0.00308910929154173,-0.00125177370871461,0.00142644284771492,-0.000156365029764391
0.00315647859904674,-0.00124483558541626,0.00142644284771492,-0.000156365029764391
0.00332929201734717,-0.00124483558541626,0.0012488745685726,-0.000156365029764391
0.00322891911078684,-0.00123676271269654,0.0012488745685726,-0.000173104965250038
0.00339673405749838,-0.00142135484668246,0.00125350823890736,-0.000173104965250038
0.00339749615452276,-0.00142940588568707,0.00125419961868593,-0.000173104965250038
0.00339749615452276,-0.00142940588568707,0.00143176313740895,-0.00016991599240426
0.0032971506510244,-0.00162205513199291,0.00143243760229995,-0.00016991599240426
0.00339749615452276,-0.00162205513199291,0.00152297963149122,2.93720831348094e-05
0.00322390120807512,-0.00162205513199291,0.0015236248138669,1.26513446367967e-05
0.00339673405749838,-0.00180670175516366,0.00152426924098331,1.26513446367967e-05
0.0032963711899838,-0.00180670175516366,0.00152890746095535,0.000211938706190686
0.0032971506510244,-0.00180670175516366,0.0014430714310924,0.000211938706190686
0.0032971506510244,-0.00180779936291476,0.00144374241707023,0.000411225978091229
0.0032971506510244,-0.0018032776627329,0.00126622107816328,0.000411225978091229
0.0033924966401209,-0.0017963885377157,0.00153545349206647,0.000610513148379628
0.00321965637117978,-0.0017963885377157,0.00153545349206647,0.00059379060877314
0.00331572123499362,-0.0017963885377157,0.00153545349206647,0.000793077026558178
0.00331069719250692,-0.00178950005420948,0.00171297236580216,0.000793077026558178
0.00313783432861084,-0.00178155332514988,0.00189048970299931,0.000793077026558178
0.00323382996709436,-0.00157512807155852,0.00179878051202558,0.000989114920008734
0.00322877585889778,-0.00156720060145592,0.00197567518577858,0.000989114920008734
0.00340240670904662,-0.00136079395721096,0.00197567518577858,0.000989114920008734
0.00339737349619437,-0.00136079395721096,0.0020626780905271,0.00117165366964537
0.00339737349619437,-0.00115438733173075,0.00206204311578159,0.00117165366964537
0.00357027087720367,-0.00114649775090914,0.0020626780905271,0.0013709357007914
0.00357027087720367,-0.000940109790044469,0.00206204311578159,0.0013709357007914
0.00374317052118867,-0.000740554933225654,0.00206204311578159,0.00135419107850264
0.00391607241780562,-0.000725870226173167,0.00223957844933612,0.00155347230345862
0.00391607241780562,-0.000725870226173167,0.00223957844933612,0.00155017457064628
0.00398874177009464,-0.000526315013307639,0.00241711221444165,0.00155017457064628
0.0041616479947014,-0.00051950105392997,0.00241711221444165,0.00173268674802432
0.0041616479947014,-0.000319946772245824,0.0025946444004554,0.00173268674802432
0.00433455644291394,-0.000319946772245824,0.0025999587600797,0.00193196363074103
0.00433455644291394,-0.000313132000420949,0.0025999587600797,0.00193196363074103
0.00451236933401389,-0.000305318257481819,0.0025999587600797,0.00211447356037106
0.00468526490555451,-0.000105763656456488,0.00260054347356147,0.00211447356037106
0.00485816266918719,-0.000106763090413624,0.0027780529684376,0.00211447356037106
0.00486236251406364,-0.000106763090413624,0.0027780529684376,0.00229698205334412
0.00503525506635663,-0.000299504480831381,0.00295556086292582,0.00229698205334412
0.005135527950022,-0.000299504480831381,0.00313306714638559,0.00229698205334412
0.005135527950022,-0.000299504480831381,0.00331057180817664,0.00230035226388775
0.00531326838517444,-0.000292691733914927,0.00331057180817664,0.00230035226388775
0.00531326838517444,-0.000292691733914927,0.00357977388485606,0.00248288234457155
0.00548614809504235,-0.000292691733914927,0.00340227181824574,0.00248288234457155
0.00548614809504235,-0.000292691733914927,0.00340759534631965,0.00248288234457155
0.00565841824217986,-0.000285879662816096,0.00323009644890351,0.00268215974258963
0.00583610391204261,-0.000285879662816096,0.00340759534631965,0.00266541094448874
0.00583610391204261,-0.000285879662816096,0.00340759534631965,0.00266199464177449
0.00600898263516549,-0.000279068267958836,0.0035850926093802,0.00266199464177449
0.00600898263516549,-0.000279068267958836,0.0035850926093802,0.00264179026520301
0.00617768831346399,-0.000478631385758641,0.0035850926093802,0.00264179026520301
0.0062779721234713,-0.000471822126368808,0.00384897080476673,0.00284105941382708
0.00644611091905126,-0.000471822126368808,0.00394014410987791,0.0028208117512616
0.00644611091905126,-0.000471822126368808,0.00393477500606814,0.0028208117512616
0.00661483287607653,-0.000464129048700287,0.00402589354641594,0.00280052481476067
0.00678775222451786,-0.000664581990785673,0.00402589354641594,0.00280046062801589
0.00686042662186376,-0.000664581990785673,0.00402589354641594,0.00278013072241443
0.00695597636512367,-0.000650123522454762,0.00402049166247866,0.00278013072241443
0.00712891715047231,-0.00084204702867878,0.00410641619960773,0.00275976084509708
0.00712943588077457,-0.000835282489469173,0.00419750849668837,0.00275976084509708
0.00730236879630336,-0.000835282489469173,0.00419210956610618,0.00274289020058593
0.00730236879630336,-0.00102809874616981,0.00419210956610618,0.00274289020058593
0.0074753037550372,-0.00102809874616981,0.00428368201294078,0.00272601962957904
0.00757969778421966,-0.00102892607839325,0.00437525285122545,0.00272601962957904
0.00775262750168531,-0.00122092093439474,0.00419769573567738,0.00270914913308803
0.00775726793519036,-0.00122092093439474,0.00428926594769255,0.00270914913308803
0.00793018236231716,-0.00141374903120343,0.00447174760397605,0.00269227871212449
0.00810264906409336,-0.00141374903120343,0.00447230454872801,0.00269227871212449
0.00810725487394826,-0.00161333915303102,0.00464985423788842,0.00269227871212449
0.00828016591528723,-0.00162090455016713,0.00464985423788842,0.00247613909409982
0.0082847517339883,-0.00181720411181575,0.00465039390732388,0.00247613909409982
0.00838462684908507,-0.00201677924632924,0.00474199995591181,0.00247613909409982
0.00838462684908507,-0.00221635670498212,0.00483360437553471,0.00245926953410403
0.00838922581216314,-0.00222389751350235,0.00483360437553471,0.00245926953410403
0.00848954850725123,-0.0024234760146942,0.0049301931994445,0.00244240005665128
0.00848954850725123,-0.00261627004188957,0.00475324094823096,0.00244240005665128
0.00848954850725123,-0.00261627004188957,0.00475324094823096,0.00244240005665128
0.00858987134517367,-0.00281585455987884,0.00484487094352683,0.00222626328417377
0.00858987134517367,-0.00301544135420305,0.00484487094352683,0.00222626328417377
0.00876698691012827,-0.00300865806225462,0.00484547109164372,0.00222626328417377
0.00877158847006334,-0.00320824854593118,0.00484487094352683,0.00222626328417377
0.00867122832604987,-0.00340784128220661,0.0051140229120507,0.00220939469400086
0.00860295881895633,-0.00341533528372845,0.0051140229120507,0.00201012780932163
0.00860295881895633,-0.00341533528372845,0.00502874931838617,0.00201012780932163
0.00870334630150568,-0.00361492898578541,0.00502874931838617,0.00201012780932163
0.00870334630150568,-0.00380703346475225,0.00502874931838617,0.00200644209911159
0.00870334630150568,-0.00380025648292746,0.00512542271364085,0.00198955461772846
0.00897659048435535,-0.00399985732694385,0.00494790422315889,0.00198955461772846
0.00897659048435535,-0.00399985732694385,0.00494790422315889,0.0017902916039207
0.00914944902209906,-0.00419946037591718,0.00494855425372998,0.0017865896492604
0.00932230951721753,-0.00419946037591718,0.00494855425372998,0.00176596173029032
0.00932230951721753,-0.00439906561789516,0.00494855425372998,0.001762240274112
0.00932230951721753,-0.00439974131843676,0.00503955646469526,0.001762240274112
0.00932230951721753,-0.0045919023404871,0.00486203730918055,0.00174529460950763
0.00914484726446331,-0.0045919023404871,0.00485700732093215,0.00194454605970799
0.00907266967618854,-0.00479151335094184,0.00477113437120286,0.00194454605970799
0.00907234929991804,-0.00479151335094184,0.00477616909751993,0.00194454605970799
0.00890412165141945,-0.00497693574196125,0.00469029959849179,0.00214004949157385
0.00900450950673405,-0.00518329970037455,0.00477689419865617,0.00214379729794902
0.00890876987861723,-0.00517655374230851,0.0047761477646654,0.00214379729794902
0.00891309100268205,-0.00517655374230851,0.0048677685782614,0.00214379729794902
0.00891309100268205,-0.00537617387638597,0.00469024372471773,0.00214379729794902
0.00891773692393341,-0.00537617387638597,0.0048677685782614,0.00234304831227523
0.00901786317924026,-0.00538359483052271,0.0048677685782614,0.00235999617079073
0.00901786317924026,-0.00538359483052271,0.00469024372471773,0.00255924767986935
0.00901786317924026,-0.00538359483052271,0.00469024372471773,0.00255924767986935
0.0090225217594522,-0.00518397596917191,0.00469607848986337,0.00256298262330942
0.0090225217594522,-0.00518397596917191,0.00451934625991297,0.00275849894078166
0.0090225217594522,-0.00518397596917191,0.00451934625991297,0.00277916695488839
0.00919967345583359,-0.00498435924137966,0.00451934625991297,0.00297842205320344
0.0090991838640393,-0.00498435924137966,0.00451934625991297,0.00297842205320344
0.00927659994277537,-0.00478474465910082,0.00469685166309541,0.00297842205320344
0.00917610049189265,-0.00479217002223414,0.00469607848986337,0.00299535255355811
0.00907985524365584,-0.00479217002223414,0.00478194990979901,0.00299535255355811
0.00907985524365584,-0.00479217002223414,0.00495440212156156,0.00299535255355811
0.00907985524365584,-0.00479217002223414,0.00495367198661142,0.00299535255355811
0.00918498643797257,-0.00479895861807197,0.00495367198661142,0.00281302658983095
0.00918466831186494,-0.00479895861807197,0.00495440212156156,0.00281302658983095
0.00901652142039358,-0.00480640447567623,0.00495440212156156,0.00281302658983095
0.00901652142039358,-0.00501282275745229,0.00478194990979901,0.00283361611141789
0.00891595773291109,-0.00502028782370555,0.00460442882241113,0.00283361611141789
0.0090933038123959,-0.00502711598162942,0.00451352749913688,0.00283361611141789
0.00899237922299265,-0.00502711598162942,0.00442768398844488,0.0026380115305596
0.00899696173027995,-0.0048275094949817,0.00442768398844488,0.00265490142366291
0.00889636106695569,-0.0048275094949817,0.00442768398844488,0.00265490142366291
0.00890056964631412,-0.00503394472368859,0.00434180451887235,0.00265853810082613
0.00872785031984474,-0.00504145017868468,0.00434180451887235,0.00247613909409982
0.00873244262832581,-0.00504829940557249,0.00434256865942432,0.00247975314994588
0.0086646307168795,-0.00525542853979349,0.0043433315320899,0.00247975314994588
0.0086692507468673,-0.00526229681572318,0.004170868446771,0.00230091986886726
0.00849620228260059,-0.00546190070797215,0.00417164665534814,0.00230091986886726
0.00850083964569287,-0.00546876812370537,0.00399417819449701,0.00230451067086729
0.00840013771784847,-0.00546876812370537,0.00399996591437096,0.00212217874155607
0.00840013771784847,-0.0054832197424614,0.00382330903780223,0.00212574586523929
0.00823171863759209,-0.00568282157776082,0.00382330903780223,0.00192648081442435
0.00823171863759209,-0.00568282157776082,0.00382910233003166,0.00194326635098749
0.0080637244883919,-0.00589384432228415,0.00373728767666254,0.00174754122401575
0.00789067102217108,-0.00589384432228415,0.00373808225960697,0.00155180932208495
0.00771802849737502,-0.00590075175494219,0.00356065188743683,0.00156855414807897
0.0077227259560366,-0.00610037344332291,0.00356642086338222,0.00136928045528297
0.00755010283070586,-0.00610727998481422,0.00338981868410355,0.00137279509217306
0.00738176816289832,-0.0063138079435248,0.00321240632449605,0.0011735178979428
0.0073864980530243,-0.0063138079435248,0.00304077405815711,0.000990963691680883
0.00711310140740199,-0.00652033560628904,0.00304077405815711,0.000994452060445266
0.00711310140740199,-0.00652033560628904,0.00286336343648562,0.000795170545583388
0.00694050947039835,-0.00672686294832257,0.00286423524046386,0.000612591065900852
0.00686872193010278,-0.00672686294832257,0.00286423524046386,0.000416767397725605
0.0066961340422135,-0.00693338994484145,0.00268683941011032,0.000416767397725605
0.00651873155704515,-0.00693338994484145,0.00268772677542723,0.000217481506530189
0.00634613050819414,-0.00713991657106223,0.0025152329455916,1.81955175993668e-05
0.00617353157421979,-0.00733954178683142,0.0025152329455916,-0.000164410720202345
0.00600093476545124,-0.00734644280220195,0.00233783893506067,-0.000164410720202345
0.00599606267751806,-0.00734644280220195,0.00216137837822058,-0.000363697552854112
0.00582345063641799,-0.00755296861347813,0.00216137837822058,-0.000559561522266579
0.00565138553412005,-0.00755296861347813,0.00198304638521028,-0.000559561522266579
0.00555062111505185,-0.00775259487500486,0.00180661551841825,-0.000742193581189121
0.00537802330767706,-0.00775949398010883,0.00180661551841825,-0.000745593468990593
0.00520542766883936,-0.00775949398010883,0.00162824786788714,-0.000944881133493162
0.00512864033352693,-0.00795912074013243,0.00162824786788714,-0.000944881133493162
0.00512864033352693,-0.00795133170669191,0.00145084639801627,-0.00114416882464673
0.00495603157149927,-0.00795820994556194,0.00145084639801627,-0.00112411858896473
0.00495603157149927,-0.00795820994556194,0.00136539016252699,-0.00112411858896473
0.00478342500745017,-0.00796508870459071,0.00136539016252699,-0.00132341029526694
0.00477843447323105,-0.00796508870459071,0.00118903131316417,-0.00130675383024164
0.00460641893987603,-0.00796508870459071,0.00101164281786677,-0.00130675383024164
0.00460641893987603,-0.00797196798335356,0.000919682636685099,-0.00129009721620337
0.00443380926843651,-0.00797196798335356,0.000742291734186488,-0.00148939027007631
0.00426120182595423,-0.00797196798335356,0.000743356496750565,-0.00147273417426797
0.00408859662275492,-0.00797884778142579,0.000565980521093211,-0.00147604190835572
0.00391534823791275,-0.00777922571228824,0.000565980521093211,-0.0014560779274607
0.00374273773082744,-0.00778610753722107,0.000388603139009326,-0.0014560779274607
0.00357524146994721,-0.00778610753722107,0.000210110565845113,-0.00143942153065254
0.00349826672218478,-0.00758648896180231,0.000210110565845113,-0.00144268983183552
0.00332566291031774,-0.0075933728209437,2.68562979586218e-05,-0.00164198154246046
0.00297595533808449,-0.00738584596751343,2.5723808577939e-05,-0.00162530593451521
0.00280335091566334,-0.00739271197254865,2.5723808577939e-05,-0.00162530593451521
0.00263074882392608,-0.00719309913515853,-0.00024362352990321,-0.00182459828089873
0.00255886433615058,-0.00699240426133677,-0.000244761543811381,-0.0018079231717343
0.00238626678022422,-0.00699240426133677,-0.000249463277230813,-0.00181114491721008
0.00221367158393194,-0.00679964744577147,-0.000518792486463464,-0.00179444993867554
0.00211295663604608,-0.00660689626716707,-0.000519936813517426,-0.00199374022623504
0.00211295663604608,-0.00640729486452684,-0.000697381745436911,-0.00199374022623504
0.0021848368287417,-0.0064061341090604,-0.00087482801635072,-0.00197704573665495
0.0021848368287417,-0.00620653501906366,-0.00087482801635072,-0.00197704573665495
0.0020841222511091,-0.0062133730926357,-0.00105227561561731,-0.00217633662568951
0.0020841222511091,-0.00601377761813972,-0.0010510822675483,-0.00215964261843345
0.00191152754080134,-0.00601377761813972,-0.00114298959883054,-0.00215964261843345
0.00181606434885515,-0.00601255934049739,-0.00114298959883054,-0.00214294845086144
0.00181527618897365,-0.0058278682025775,-0.00113836640026607,-0.00214294845086144
0.00182052457708869,-0.0058278682025775,-0.00140655240103301,-0.00213981221678099
0.00172421159436797,-0.00583471102542275,-0.0014053679721272,-0.0021231376048945
0.0015569112992011,-0.00603429978023993,-0.00157820132354358,-0.0021231376048945
0.00155609959675272,-0.00604114161211396,-0.0017544129180969,-0.00210336556555395
0.00146054147000908,-0.00604926028795547,-0.00184639330486773,-0.00230266558702735
0.00146496390952956,-0.00605612256580217,-0.00184519000378885,-0.00228601100231222
0.00147463961356389,-0.00606298539762456,-0.0018394304345254,-0.00228547317714176
0.00120651623392946,-0.00606810977744816,-0.00193145168195741,-0.00226576829440268
0.00121092462186958,-0.00627459634894601,-0.0019302619402107,-0.00226576829440268
0.00121618284859131,-0.00628967971810463,-0.00210190329063965,-0.00244539094872645
0.00104287070110795,-0.00628967971810463,-0.00218826026681253,-0.00244539094872645
0.000947194103033643,-0.0063048039692403,-0.00236442107291124,-0.00242576791142027
0.000779147497061101,-0.0063048039692403,-0.00235871377354806,-0.00242576791142027
0.000783551013566128,-0.00651956446891858,-0.00244965184082854,-0.00240917576298081
0.000616426274808374,-0.00652650786806412,-0.00244845846518065,-0.0026054804835715
0.000519792837055902,-0.00653476758868227,-0.00253614457578868,-0.00258890849792651
0.000352703578012703,-0.00654173141931241,-0.00253496379608932,-0.00278820551202817
0.000352703578012703,-0.00655699583210152,-0.00262715016507228,-0.00276868807569341
0.000180324293269897,-0.00655699583210152,-0.00262598153712463,-0.00276868807569341
0.000180324293269897,-0.00656398063224282,-0.00271374254032076,-0.00295143750067287
7.94746526817935e-06,-0.00676356911539321,-0.00271258672826873,-0.00295143750067287
7.94746526817935e-06,-0.00677055286076825,-0.00288988035290183,-0.00315073880957041
-0.000164426895686617,-0.00677753714116077,-0.00298094971587887,-0.00313418783982253
-0.000336798779289216,-0.00677753714116077,-0.00298094971587887,-0.00313418783982253
-0.000611199779463029,-0.006776143673844,-0.00307319219098243,-0.003314062075691
-0.000783576199153112,-0.00678310913645415,-0.00324492787802386,-0.003314062075691
-0.000783576199153112,-0.00677471150328414,-0.00333720051680857,-0.00351336761467642
-0.000879249103003681,-0.00659049335109997,-0.00315992428766276,-0.00349683719703917
-0.000879249103003681,-0.00659049335109997,-0.00325219748273866,-0.00369614317855847
-0.000879249103003681,-0.00659049335109997,-0.00325219748273866,-0.0036932923235448
-0.00115268274711294,-0.00658902278475552,-0.00334335982665174,-0.00387609173785559
-0.00114831306419491,-0.00658058461301902,-0.00333790237081751,-0.00387609173785559
-0.00114291316250784,-0.00658058461301902,-0.00343021774555583,-0.00385958184747249
-0.00113853947411951,-0.00659597158143619,-0.00342369125190741,-0.00385677355093023
-0.00123428752680758,-0.00659597158143619,-0.00351604733988264,-0.00403681171959099
-0.00122994227454965,-0.00661139939674547,-0.00350956311426368,-0.00403681171959099
-0.00132573585058647,-0.00661139939674547,-0.00360088813081642,-0.0040340260718108
-0.00132141237309477,-0.00661836915211476,-0.00351076349045188,-0.00401689297143765
-0.00114482049623096,-0.00662686805526461,-0.00359789352616693,-0.00401757556079502
-0.00124070749246308,-0.00663385823008807,-0.0035121685008029,-0.00421689650975759
-0.00140865382159427,-0.00664237755330179,-0.00332972667175874,-0.00421619420554923
-0.00140865382159427,-0.00684194860318769,-0.00342126075367277,-0.00419974735352502
-0.00157549781156091,-0.00684895756189102,-0.00342028971153766,-0.00419974735352502
-0.00174771503961625,-0.00705706613718249,-0.00342028971153766,-0.00419974735352502
-0.00192535771953624,-0.00706973773437499,-0.00332776069253307,-0.00418057747365565
-0.00192535771953624,-0.00707829750564505,-0.00350489550766167,-0.00418057747365565
-0.00192535771953624,-0.00707829750564505,-0.00350062427548987,-0.00418330031448681
-0.00175312563267848,-0.00707829750564505,-0.00349962646483913,-0.00418330031448681
-0.00174771503961625,-0.00707678730538905,-0.00341505350646127,-0.00418330031448681
-0.00167788471497453,-0.00708383740088598,-0.00350761173760155,-0.00418330031448681
-0.0016725005878824,-0.00689285451853881,-0.00360017138188592,-0.00418330031448681
-0.00177381506441533,-0.00688578289316555,-0.00342304025031342,-0.00418330031448681
-0.00176844478839103,-0.00688578289316555,-0.00351560043905356,-0.00418330031448681
-0.00176844478839103,-0.00688578289316555,-0.00351560043905356,-0.00418330031448681
-0.0017695589531076,-0.00688578289316555,-0.00351468179801536,-0.00418057747365565
-0.0017695589531076,-0.00689436440360832,-0.00351045082217809,-0.00418057747365565
-0.0017695589531076,-0.00689436440360832,-0.00350953342963328,-0.00397854552902197
-0.0017695589531076,-0.00688727342229006,-0.00350953342963328,-0.0039949536861396
-0.00159735512166915,-0.00688727342229006,-0.00359701344472937,-0.00419426204268025
-0.00159735512166915,-0.00688578289316555,-0.00341990837769404,-0.00419426204268025
-0.00169334906591648,-0.00689436440360832,-0.003242804572837,-0.00439357020940314
-0.00169334906591648,-0.00689436440360832,-0.0031583294829621,-0.00439357020940314
-0.00186129922911536,-0.00690294644299205,-0.0031583294829621,-0.00459287817434937
-0.00193209715250068,-0.00710252784833115,-0.00298122737079447,-0.0046092844442552
-0.00193209715250068,-0.00711110907889857,-0.00289675367715037,-0.00480583851005049
-0.00210427072247774,-0.00711110907889857,-0.00271887066944631,-0.00480583851005049
-0.00183612135689145,-0.00731069118598247,-0.00281150974813672,-0.00480583851005049
-0.00166283281889133,-0.00731069118598247,-0.00263367196858007,-0.00500514873841876
-0.00149064615786561,-0.00731069118598247,-0.00262942591264188,-0.00500239924320374
-0.00131845696724558,-0.00731069118598247,-0.00262942591264188,-0.00520171250115931
-0.00131845696724558,-0.00711969083338317,-0.00272209334397005,-0.0054010255092732
-0.00131845696724558,-0.00711254184458564,-0.00272135177729419,-0.00541738984117365
-0.00131845696724558,-0.00710397997282046,-0.00263696961870265,-0.00561394210874449
-0.00132380659075602,-0.00730356372182835,-0.00255258847755149,-0.00582960050813576
-0.00132272925587751,-0.00731212425210313,-0.00210860718848001,-0.00622822880466655
-0.00132807445933583,-0.00750456349611553,-0.00149108186987964,-0.00662685586022726
-0.00150456595327114,-0.00749602419093491,-0.000418082450487099,-0.00684528876290457
-0.00158089099659927,-0.00769561362067175,0.000927607822498212,-0.00745957200527724
-0.00158519979365802,-0.00789520505385755,0.00199358565815477,-0.00785540271031813
-0.00175744214103562,-0.00788666894167872,0.00305432467396579,-0.00866339231688064
-0.00203634682664763,-0.00808197582801167,0.00394759938511528,-0.00946854370030616
-0.0021073609832858,-0.00805789271203198,0.0051245601224923,-0.0108877898610936
-0.00218273802978532,-0.00821654016707305,0.00691586757282855,-0.0125251682873502
-0.00236485368364703,-0.00819113606786933,0.00888367046734444,-0.0145667357064853
-0.00216691906181905,-0.00837537101577316,0.010841996756253,-0.0168132858185754
-0.00207128614085004,-0.00837537101577316,0.0132313211554492,-0.0188766667338279
-0.00214799664655096,-0.00856807868694692,0.0160600182109473,-0.0211477114915271
-0.00194573441576482,-0.00855278209306589,0.0193208276449955,-0.0230182097863462
-0.00208811144264884,-0.00872037250615511,0.0229270082416555,-0.0246761012127913
-0.00205717631039947,-0.0086884802714811,0.0265192166533095,-0.0259268760211027
-0.00213404508529741,-0.00885909549632317,0.029236402959435,-0.0269722265388302
-0.00186533580192597,-0.00883577822837369,0.0310807580950057,-0.0276159113260229
-0.00160325847069066,-0.00901382674522363,0.0317028288430718,-0.0278382109709532
-0.00143561182403231,-0.00919031891306683,0.0318076927575741,-0.0278545477861137
-0.00109555858830427,-0.00956653284092471,0.0316576771904783,-0.0278905124923666
-0.000923165371718049,-0.00992644471017629,0.0315993726249412,-0.0275314821865512
-0.000740498753137205,-0.0102891883481299,0.0311806203417373,-0.0273616876154491
-0.000289996366866573,-0.0110506014777924,0.0309412827594455,-0.0271686411751308
-6.27531879892479e-06,-0.0116351373129116,0.0306047153274149,-0.0270079610040637
0.000343140208914031,-0.0122359144301637,0.0306256571527727,-0.0270334482822613
0.000556478080293216,-0.0130282750832418,0.0309160060612202,-0.0270718871306398
0.000834738665034342,-0.0138143947762316,0.0314615971071895,-0.0273087188210721
0.00129084830068966,-0.0147905474636846,0.0322762352928748,-0.0277481048270927
0.00191920903046602,-0.015774822211609,0.0330842218414557,-0.0284062472628203
0.00255234659197471,-0.0167629426365864,0.0338950118686082,-0.0292634133907465
0.00352506304767511,-0.0179549195579874,0.0347864041784851,-0.0301242658665469
0.00466988071021741,-0.0193405001523203,0.0352300164551794,-0.0309885277352861
0.00588020606082969,-0.02071839578314,0.0360327770818864,-0.0322596844691598
0.00743060916243143,-0.0225020752074211,0.036833307238586,-0.033315410372232
0.00915306218400006,-0.0244718999290692,0.0375562591880116,-0.0345700852150406
0.0109420915695079,-0.0266505397044398,0.0382792315529801,-0.0356369942493961
0.013071853529015,-0.0290431756415332,0.0389999664411176,-0.0366876276910214
0.0153665867099236,-0.0314358767620479,0.0393741262197611,-0.0377378981426885
0.0176966357657975,-0.0342131930058305,0.0398394943190975,-0.0387922383848912
0.0203716311714969,-0.0373341353711264,0.0399514234536194,-0.0398418405479798
0.0233647485755565,-0.0406342706228993,0.0398935174428061,-0.0407030106146563
0.0268593015565076,-0.0443218285307267,0.0399250267800572,-0.0417610669394016
0.0308802914540019,-0.0486031551866473,0.0399516812161356,-0.0426449539206789
0.0352282986117949,-0.0535130091623004,0.0403376743867726,-0.0435134587126407
0.0401467260976735,-0.0588515293738052,0.0403651867770941,-0.0444135088843587
0.0453114489548323,-0.0650191172177046,0.0404788932697133,-0.0455071580283455
0.0509309584270867,-0.0718131521868646,0.040424464075197,-0.0466171166309594
0.0566754273257829,-0.0792237591462435,0.0401815254103807,-0.047743302487331
0.0627401181485645,-0.0872618997478668,0.04011477679505,-0.0491016028879264
0.0689807206537834,-0.095910160213363,0.0402226604749818,-0.0506826444562313
0.0752562365640188,-0.10515120584394,0.0407563584759646,-0.0524927991539969
0.0819680838293333,-0.114942283871737,0.0412849192528288,-0.0543578882320216
0.0888682461228316,-0.125501729707637,0.042341358599372,-0.0564445693493846
0.0961095005897757,-0.136436331224779,0.043202192094923,-0.0581638323837822
0.103798307449175,-0.148178597920454,0.0444994690454151,-0.059909324627282
0.111931270388881,-0.160318719404516,0.0458005134671882,-0.0614267987905335
0.120407702891343,-0.172842274453862,0.0470176780252646,-0.0629121505583066
0.129215687551666,-0.185739776340162,0.0480682100648879,-0.0643882794669895
0.138280519221534,-0.198380248806772,0.0485019311185671,-0.065492394547861
0.147829092613243,-0.211158636113009,0.0488508550582602,-0.0664435988598229
0.157531511083033,-0.223654430067053,0.0488376241865418,-0.0672594844056804
0.167936262635096,-0.236818715208935,0.0489066473331291,-0.0677533733767599
0.179083360482889,-0.250597437817989,0.049132081742166,-0.0680546667071522
0.190860636815345,-0.265164822614801,0.0491788918447326,-0.0683132261011544
0.203298064520558,-0.279521490458268,0.0495724400878858,-0.0682834978148684
0.216080927261195,-0.294471286829966,0.0502282200584115,-0.0682093666609166
0.22971736296024,-0.309763209144105,0.0507811394345261,-0.0679655310065431
0.24388337238706,-0.324970066398345,0.0509690855129148,-0.0677565306345879
0.258711791446507,-0.340072583823432,0.0506321029257818,-0.0673339420759154
0.274257120530954,-0.355216258301232,0.0503170533295981,-0.0665472600343999
0.290071730338923,-0.369977637329914,0.0497179534614407,-0.0657379437195906
0.305769305474393,-0.384108006003937,0.0490233013686631,-0.0650587600689491
0.321121750443497,-0.397613989625919,0.0481425216054632,-0.0641698985205789
0.336616566338151,-0.410081950307916,0.0469912341544559,-0.0632534409178186
0.351798492430586,-0.42117954160478,0.0453209145554553,-0.062516808730744
0.366487334404557,-0.430922258443663,0.0438493981035553,-0.0618918064388266
0.381233458552941,-0.439890567905117,0.0424006658931974,-0.0615776169481147
0.39660205444701,-0.447317787236084,0.0412386749746562,-0.0614824624531393
0.412233715542925,-0.453989454572106,0.0401057714992327,-0.0616035586170652
0.427501180447144,-0.459738810438116,0.0386342946535642,-0.0621455415091611
0.44210679779933,-0.464357171655709,0.036987996745182,-0.0630556581381535
0.455848158348845,-0.46797163037608,0.0351567134064583,-0.064187168217999
0.468717984976394,-0.470146023875133,0.0336805865652297,-0.0661631446573864
0.480682585050601,-0.471207493354339,0.0325651338312109,-0.0680971837454082
0.492208767131945,-0.471125056025233,0.0319904877143413,-0.0704458010068805
0.503049037778251,-0.469305399641819,0.0322017810657207,-0.0727621404551707
0.513523345152109,-0.466357731385887,0.0323250203185158,-0.0751084969060114
0.523713334502103,-0.462451243352936,0.0324660671445015,-0.0772787741696768
0.533258223390931,-0.457034748694849,0.0321060756939289,-0.0791825384819794
0.542260964219975,-0.450457819152616,0.0312187148294755,-0.0810275537769162
0.550852901943137,-0.442892086749809,0.029726616677206,-0.0825674652355469
0.5586911159319,-0.434458557049156,0.0276319579795225,-0.0843042651196585
0.566088296940603,-0.424665823830213,0.0251090395113402,-0.0858948514865926
0.572437093889909,-0.413579863285775,0.0224526062319132,-0.087692106596393
0.577989814776699,-0.400508907752508,0.0195594268949761,-0.0896797081993273
0.582813511637142,-0.386725940868244,0.0163864849081148,-0.0922373413230329
0.586634255853435,-0.371577905440726,0.0139160022722577,-0.0950164715407603
0.589360910274333,-0.355532596362772,0.011547718209434,-0.0981789181980868
0.591273609498014,-0.338805244960048,0.0094550549869365,-0.101717900753878
0.59238020229294,-0.321523695706899,0.00739198485350622,-0.105626533235513
0.592969340029074,-0.303373063679812,0.00509010330597708,-0.109597604793562
0.592976723791932,-0.284791357914291,0.00253414314641791,-0.113787906210069
0.592771855292814,-0.265692144367889,-0.000105998344662787,-0.118182044272744
0.592212081852923,-0.246285770609938,-0.00303713599460479,-0.122511335339068
0.591393055544702,-0.226808088616881,-0.00578789649785241,-0.126862740562595
0.590554665536357,-0.207472505137398,-0.00873122803034278,-0.131542825123634
0.589477350469553,-0.188276414754066,-0.011814576034798,-0.136173139970324
0.58822007147422,-0.169445778718323,-0.0148798908955994,-0.141192091359857
0.586804866703239,-0.151148647217391,-0.0180388504983777,-0.146437110781265
0.584891200005166,-0.133771085530825,-0.0215405117031041,-0.151723840593481
0.582772014682694,-0.117270808476799,-0.0248653142843955,-0.15713432614
0.580214621703876,-0.101650713211883,-0.0284506876928478,-0.16267572073015
0.577267228974125,-0.0873120817125399,-0.0317890279860146,-0.168370168531513
0.573950370027143,-0.0740828944271165,-0.0352787216833486,-0.174010480824993
0.57051961240313,-0.0619587003702755,-0.0391417592463439,-0.17998431201938
0.566972243624616,-0.0509960341817835,-0.0435419713635492,-0.186230202039188
0.563526827059923,-0.0416747307858752,-0.0481330128033579,-0.192671985903107
0.560161772658149,-0.0343973685042773,-0.0526374169666775,-0.199246308181199
0.556363357407651,-0.0289481561866421,-0.0569238741885767,-0.20655526658981
0.552461046261346,-0.0292244317684602,-0.061103370087094,-0.214039095119776
0.549012998410081,-0.0352531422587307,-0.065125414427008,-0.221944017032765
0.545399043964873,-0.0412091612748471,-0.069482276510993,-0.230071838015636
0.54145107622971,-0.0466793473758545,-0.0733596431033823,-0.23841554631557
0.537817663009073,-0.0532015021722854,-0.0768954342280513,-0.246894763348819
0.536368411206203,-0.0604934932206755,-0.0793101899521147,-0.254867906803014
0.53705994877527,-0.0669740187700305,-0.0804772338248516,-0.262162608695045
0.537900527421704,-0.0740019440385541,-0.0805384836144363,-0.268341821052657
0.536186070319181,-0.0831144971270862,-0.0799034402220404,-0.273811977018472
0.529764427661135,-0.092619608985522,-0.07960577624102,-0.278503145979328
0.519904856907061,-0.0992402263294947,-0.0792839483303783,-0.28235873835286
0.508000471181201,-0.103589164110751,-0.0793864704279373,-0.286177719257346
0.497151851291043,-0.105963133439638,-0.0794896187802493,-0.290333509662865
0.489074043478438,-0.108404218152599,-0.0797164556367163,-0.295399271372773
0.482761756157792,-0.110984701989244,-0.0796810673588942,-0.301398205047026
0.476418470095846,-0.113763047796058,-0.0791682215731636,-0.308020948298238
0.469326859489333,-0.117425810126979,-0.0781393557990589,-0.31508576708982
0.461440489554936,-0.120579692350482,-0.0768042030773608,-0.322551736530395
0.453297683478417,-0.122739873365759,-0.0746432133793787,-0.329965766989502
0.444998459402797,-0.124505494166413,-0.072102059620994,-0.337436880176032
0.436204332620257,-0.125813299873944,-0.0689607238974802,-0.345038021173413
0.42712908301329,-0.127077523095751,-0.0652015212995606,-0.352614849888466
0.417491801589984,-0.128253382987285,-0.0612947029193438,-0.360369575546265
0.408191376780705,-0.128806983395212,-0.0571363053169202,-0.36865173244363
0.399459844012591,-0.128961726267777,-0.0530423748420104,-0.377405142556464
0.391302351152819,-0.128606160185715,-0.0485647834297776,-0.387486057918404
0.383701013720222,-0.127935345951933,-0.0446699022652073,-0.397563848011706
0.376426575509809,-0.126983266353611,-0.0403003327821594,-0.407450526531406
0.369557239965185,-0.126086624259919,-0.0358908463773459,-0.416500815153876
0.362659376786354,-0.124843526702827,-0.0306335731045972,-0.424932102588844
0.355514890726136,-0.123404786967793,-0.0247363902332542,-0.432603983634895
0.348223280897564,-0.12156608713154,-0.0181205949735424,-0.439375245209109
0.340842814069195,-0.119651112543818,-0.0110553665648535,-0.445708271279789
0.33304977816279,-0.117409098344893,-0.00421778665110448,-0.451435739651104
0.325004256252691,-0.115058437740237,0.00291302673804826,-0.456859575600412
0.316034515299292,-0.112488018792316,0.00991450537725667,-0.461756419914084
0.306582907244203,-0.110013958612318,0.016698079053748,-0.466103595391464
0.297069942859828,-0.107192400189195,0.0232714877688551,-0.469333735036411
0.287997619290843,-0.104620361677436,0.0297186299548443,-0.47140861437998
0.27949463900011,-0.101849499609208,0.0360175067374284,-0.4716771303239
0.271875478732027,-0.0990638871010066,0.0419584691423275,-0.470502072190934
0.26511134164839,-0.0960791016726651,0.04742163594237,-0.468327252187351
0.259186368864361,-0.0928355849665465,0.0524662778566994,-0.465736575805277
0.253406639854497,-0.089974588045341,0.0577867424172617,-0.463303375014262
0.247661647671641,-0.086922520209133,0.0633067158350075,-0.460823536413049
0.241423247766321,-0.0838650350487292,0.0690814896712553,-0.457926786582352
0.234402085087878,-0.080973567559956,0.0746446211918326,-0.454262797873762
0.227047846273361,-0.0779876326778121,0.0794103770090623,-0.450038554764735
0.21996420161304,-0.0750872515790809,0.0833233237792274,-0.444621287952494
0.212888934487865,-0.0722285602442725,0.0867582969623508,-0.437930372567151
0.206093191566163,-0.0692270618856049,0.0895687453839569,-0.430240344626372
0.199783522778049,-0.066073618411998,0.0919812671649007,-0.421211386376185
0.193726132192455,-0.0627301866085701,0.0936489996006929,-0.411577854423869
0.187962691842567,-0.0595904494276883,0.0947713638500516,-0.401111804242147
0.182948621107393,-0.0564051107849751,0.0951860899004346,-0.390193751199158
0.178061369030244,-0.0529943950124816,0.0951398023442253,-0.378558449861061
0.173131171583642,-0.0497396212908932,0.0946033445185747,-0.366448691925252
0.168375916085308,-0.0466153210433745,0.0938901761540901,-0.353666563804684
0.163967112823216,-0.0438769232440936,0.0932574523602578,-0.340381916199269
0.159604525059803,-0.0411377393261719,0.092647899849857,-0.326469434461984
0.155807089314454,-0.0386276976342198,0.0919454852860841,-0.312521807397184
0.152821827384049,-0.0365160058377255,0.0914503747977534,-0.298274299200966
0.150435646662125,-0.0348373483817019,0.091582873475139,-0.284057870522571
0.148528158718632,-0.033632481584395,0.0924551129121935,-0.269757058413552
0.146577968690893,-0.0328403851612052,0.093430762669959,-0.255446588265342
0.1440427151852,-0.0322851275502586,0.09376717785219,-0.241413667489892
0.14071064801545,-0.0319526934158093,0.0926891501577231,-0.227679457556912
0.13687277126914,-0.0317818023209367,0.090076000078246,-0.214064017254189
0.133056636661669,-0.0317724555914778,0.0868656047974689,-0.200976593260838
0.128992270552211,-0.0313127735484789,0.0838707345333986,-0.188349232510087
0.125228959933942,-0.0310666334655971,0.0812548053148374,-0.176559948254724
0.122290942612945,-0.0304643442335549,0.0796390197721453,-0.165479896249238
0.119736888643844,-0.0298619620392023,0.0791350202847749,-0.154515203109002
0.117777655379217,-0.0291848286207699,0.0796344497162417,-0.143922522634698
0.11628142623838,-0.0284206948539129,0.0807122448607213,-0.132930243993343
0.114335902667425,-0.0278391775453169,0.0813150117536544,-0.121941203248823
0.11140814494137,-0.0272733474355328,0.0812057511003102,-0.111543014481477
0.107807444311292,-0.0266821591648467,0.0802428021224199,-0.101990869172304
0.103615982364322,-0.0261059182425775,0.0787312945482679,-0.0931968653769678
0.0992969834415668,-0.0253865603794033,0.0765187551409792,-0.0867293317656874
0.0951105819552638,-0.0248964607687323,0.0743086062446588,-0.0821614128415588
0.0909456986528488,-0.0244263243079522,0.0720022101238214,-0.0780769255717345
0.0871830777218986,-0.0237826952976834,0.0697976404977323,-0.0725833719198442
0.0834481326218216,-0.0225460299253531,0.0674539184782433,-0.0661887791197198
0.0795900858622523,-0.0208844584555005,0.0641548298081305,-0.0598923456015348
0.0751708256037459,-0.0191907724032816,0.0594745719544921,-0.0540583541373424
0.0707487258054177,-0.0174581223162615,0.0532081094809273,-0.0482575918932945
0.0664683442275057,-0.0158265461740903,0.0461008014190209,-0.04185966708424
0.0628339636588565,-0.0143046285218018,0.0398162373484687,-0.0356592108295899
0.0602397904240876,-0.0124471207510923,0.0354676230380058,-0.0300654102714394
0.0580173739413221,-0.0107817040528716,0.0327906325056413,-0.0252828105021129
0.05664072491322,-0.00907907658070905,0.0310653613788122,-0.0211186181744993
0.0556685825993458,-0.00746029971901294,0.029848340557889,-0.0171625498937457
0.0552035775619917,-0.00577833734262655,0.0288420027756841,-0.013401905550723
0.0547159147525578,-0.0040279820103399,0.0278396561119848,-0.0102253802913467
0.0541441892425231,-0.00263319765503792,0.0267760467395809,-0.00723267134289951
0.053644616807173,-0.00143300651444088,0.0255122377383924,-0.00423014587409446
0.0538701088899111,-0.000221491679613599,0.0241243688589897,-0.00161990329697453
0.0542641839742793,0.000567603506808588,0.0223770018603038,0.000593024316254085
0.0550088747357947,0.0011389221973196,0.0203944375718281,0.00279683865269296
0.0557587829665202,0.00147771764403024,0.0184604320254143,0.00479904279925798
0.0562971918954035,0.00141183120453813,0.0164716265026174,0.00641503689988705
0.0568495461628919,0.00112989793834666,0.0150505525774753,0.00823927297948995
0.0573928462220397,0.000668463897530336,0.0141968118466436,0.00946420476498461
0.0580796991228136,-1.85190636955296e-06,0.0138985535430608,0.0104867607234231
0.0589147621404516,-0.000684459382064698,0.0139334900114014,0.0113056677875508
0.0593759663211922,-0.0015997176170325,0.0142009016536742,0.0119233897746904
0.0596572980182817,-0.00275619841365077,0.014705920583196,0.012545812369976
0.0598234033189267,-0.00393381775934908,0.0151736170949386,0.0129621750849844
0.0599756407113125,-0.0051489273291091,0.0155375854123423,0.0131737698992507
0.0601846363176788,-0.00640495230977489,0.0162133304183725,0.0133792189707221
0.0606568218502841,-0.00790421225200839,0.017119222561806,0.0133816459584777
0.0610661817038549,-0.00986403073135495,0.0180635476088625,0.0133854703894098
0.0614754851627437,-0.0114091462694391,0.0191158445309397,0.0135939088972619
0.0618991234358512,-0.01290104189304,0.0200847260081119,0.0138020294637262
0.0622206462171306,-0.0141520619531344,0.0210455937635219,0.0140089193017657
0.0624724275871459,-0.0154232353712108,0.0216147611903901,0.0146156862940806
0.0628340848717634,-0.017139996596345,0.0221150161391745,0.0154196533675865
0.0630316912645803,-0.0191071548585982,0.0223233928128616,0.0162236755697887
0.0629948832952761,-0.0208243296134066,0.0223639429937835,0.0172259174505305
0.062972070531135,-0.0221030811358287,0.0220107262844422,0.0184220482891875
0.0630517038054916,-0.0233424326791423,0.0215841205106616,0.0194155106244148
0.0629519543977456,-0.0241710333535272,0.0210433299360299,0.0204062780387667
0.0630161789625893,-0.0249717804425753,0.0204980317567335,0.0211980690909103
0.0628704449582922,-0.0253821844751393,0.0203039497562016,0.0221922743294826
0.062889738009699,-0.0257824490296298,0.0201916053437888,0.0229859086747526
0.0630414535426678,-0.0261927145461686,0.02003878929548,0.0237828547529175
0.0629456980764204,-0.0266129114365898,0.0197751656992593,0.0243816334433187
0.0630081925298158,-0.0272715818579915,0.0196770470572282,0.0249814494561876
0.062619032563265,-0.028338623133564,0.019576985215266,0.0255802039346827
0.062511068507606,-0.029176782065428,0.0195244766563426,0.0259800655113453
0.0622377244787791,-0.0300049089259441,0.0194735380767611,0.0263820151068113
0.0621372197028688,-0.0308524064392778,0.0194154325773142,0.0265874727108091
0.0620559410594708,-0.0314909768261693,0.019574875244529,0.0267933375409563
0.0623362910630076,-0.0319100088801512,0.0197907230670002,0.026802237543045
0.0625547833528657,-0.0320900339363889,0.0198986453040511,0.0266097047395457
0.0627670276178238,-0.0322402680112034,0.0202823704128253,0.026214505947507
0.0627110702921204,-0.0323615202751207,0.0206780848595377,0.025811996860561
0.0627577331759811,-0.0323030181571325,0.0212862029884929,0.0250099232662667
0.0629759966094313,-0.0322452256396327,0.0216685545560924,0.0242086060588115
0.0632688736358388,-0.0321779449003581,0.0222679472754792,0.0234081766762293
0.063567712118111,-0.0318824760860224,0.0230403827442504,0.0228074236962349
0.0638664998281543,-0.0317966548946294,0.023599080938222,0.0224037002630514
0.0643370624872323,-0.0317310882729333,0.0241042946662474,0.0220024654250614
0.0647050805791167,-0.0318640580514339,0.0245538222772041,0.0216052001626636
0.0649015903107315,-0.0318073331300385,0.0250073075591016,0.0212093431187775
0.0650859032193736,-0.03175080626549,0.0255140908744989,0.0208176532523152
0.0650983545538765,-0.0318670620843569,0.0258604698337548,0.0208163444705596
0.0649451662510854,-0.0317919715122866,0.026094435431394,0.0207985365817446
0.0647099685386956,-0.0315191572415922,0.0262591195000732,0.0205772694659249
0.0645381749383593,-0.0312550147613552,0.0266057028210975,0.02056156862208
0.064462428697635,-0.030983020350588,0.0266215009313175,0.0203530826354197
0.0644622575043877,-0.0307284839235625,0.0267525337003708,0.0203469620868719
0.0645645257108905,-0.0307095941445063,0.0268804592473197,0.0203427367728873
0.0647485330603879,-0.0304666457922314,0.0270638135091399,0.0203380786057783
0.0651104960304184,-0.0302393181625669,0.0271902744252971,0.02033652508813
0.0650270176215828,-0.0298044551559061,0.0272658530465302,0.0203396317258491
0.0648675631556007,-0.0295693348259087,0.0275022171601294,0.0205438472197657
0.0644339729527494,-0.0291419265647988,0.0277417170044251,0.020551011048678
0.0639183666567425,-0.0289422788405747,0.0279211866519401,0.0205579644350455
0.0635806777359892,-0.0287498898210795,0.0280374278374106,0.0205647073688664
0.0634087343971023,-0.0285596425583616,0.0281565863879466,0.0207711851017622
0.0633128541791584,-0.0286025130659159,0.0282756698633534,0.0207789276985894
0.0631591951671314,-0.0286469761974248,0.0282194541095993,0.0207878135614599
0.0633495198380105,-0.0288919527520742,0.0280514923494343,0.0209965030912965
0.0636101011134404,-0.0291903712475721,0.0281119290264805,0.0210079522501128
0.0635209558485552,-0.0296905057793957,0.0281191798641141,0.0212194050289818
0.0632592783617272,-0.0302015396555738,0.0276726811534705,0.0214286150096438
0.0627491524496935,-0.0304862196415613,0.0276799082266022,0.0216369735255098
0.062233065932377,-0.0305421905165918,0.0276307732827986,0.0218455007756323
0.0616518677688172,-0.0305794924037009,0.0275815003346335,0.0222535587650904
0.0610647395722179,-0.0303979342082816,0.0278610872930484,0.0224576326388015
0.060585111442083,-0.0301983404365643,0.0280404598745692,0.0226637030922473
0.0602774709553229,-0.0295815093712959,0.0281053345188916,0.0228683586228057
0.0599751600330708,-0.0289827282779787,0.0284456788981724,0.0230707598528499
0.0595060324803329,-0.0281843643379224,0.0286210435842052,0.0230769913871499
0.0593809628836501,-0.0275772275307293,0.0289729349876692,0.0232796074550489
0.0589762719549785,-0.026570912799791,0.0291525881660767,0.0234833886867962
0.0586480972972937,-0.0257545338074625,0.0293322822708702,0.0234838418526058
0.0583141737657028,-0.024521030192019,0.0295088672144264,0.0236875189176126
0.0579801427046071,-0.0236951254456908,0.0296886409413099,0.0236903338487393
0.057645999092004,-0.0226517588582194,0.0298684642157251,0.0236886311045646
0.0571341497202182,-0.0217987566978723,0.0298800572636819,0.0238903717972805
0.0567232687528453,-0.0209636523843024,0.0301595107823141,0.0238949233335652
0.0564547804423916,-0.0201286367717977,0.0303352062381979,0.0238958576153491
0.0566272875716395,-0.0194932923738025,0.0306146240768346,0.0240966958907339
0.0566328064503007,-0.0189040728945938,0.0307256974399308,0.024097628479411
0.0567043233303374,-0.0184968886116751,0.0309055785409276,0.0242975307963366
0.0568712729039909,-0.0180977406296355,0.0311923388623134,0.0244928244815147
0.0569320291187416,-0.0175004773457028,0.0310355107547904,0.0248926238799668
0.0567242546105646,-0.0171013430638488,0.0308712235828194,0.02509252140234
0.0567852907505114,-0.0166941443622484,0.0308136512220989,0.0252933255956603
0.0566784655786902,-0.0162950182759833,0.0306903062851891,0.025493219427713
0.0565060415814136,-0.0160684572106853,0.0306286282517603,0.0256940179085242
0.0563387640903064,-0.0160320964544306,0.0305669465180975,0.0260937965729004
0.0561006530135118,-0.0155872823132161,0.0305052610915135,0.0262927797241854
0.0556894154539305,-0.0153348080179879,0.0305013834349213,0.0262927797241854
0.055369173912181,-0.0146736864934609,0.0304902614621464,0.0262964739235531
0.0548820500246915,-0.0140111856012499,0.0307581978708032,0.0262973978062415
0.0543937650048981,-0.0135503029430773,0.0310367820325339,0.0262973978062415
0.0540737884337758,-0.0131232090242596,0.0313158083397915,0.0264963599684304
0.0539258425918529,-0.0129091811102688,0.0314336666220057,0.0266980513689915
0.0537487293582696,-0.0125007611957895,0.0317236495888975,0.026696162907831
0.0537487293582696,-0.0121035048965716,0.0317795474164624,0.0268951042768017
0.0537487293582696,-0.0116969573904728,0.0318316767454704,0.0268905863366257
0.0537533763620117,-0.0112978428552526,0.0317805596048321,0.0270904720963339
0.0535814792632898,-0.0108820562820143,0.0315607564315399,0.0272929850184883
0.053413631904248,-0.010447855014764,0.0313371758246048,0.0274919243434511
0.0533474130807248,-0.0102041170187999,0.0311099452888034,0.0276908629393248
0.0530069852677571,-0.0097537609793419,0.0311612459073564,0.0276934105445498
0.0529457532826727,-0.00951040407108464,0.0311024186660167,0.0276924458680901
0.0528882995669017,-0.00926720176584936,0.0310402054407745,0.0276914806412366
0.0526586192388567,-0.00902685582174227,0.0309747145023299,0.0278903987261917
0.0527071026110565,-0.00858442441790435,0.0308060896916441,0.02808931601037
0.05247680613584,-0.00833264898584291,0.0307402642052393,0.0280883505092366
0.0522457026569571,-0.00807437548811613,0.0304540251389603,0.0278860215220297
0.0518378379262901,-0.00762350799076402,0.0301016630629474,0.0278879122603829
0.0514291955957907,-0.00738139874289009,0.029749012774138,0.0280877940105076
0.0510156074843873,-0.00693635078056446,0.0291275058735136,0.0280877940105076
0.0505302193924787,-0.00668573987728201,0.0286054160109206,0.0280902809532826
0.0501209110737712,-0.00622949795512873,0.0279792793216667,0.0280917413110912
0.0499084514346773,-0.00598823611700588,0.0275251859472508,0.0280941255161796
0.0497681514669216,-0.00574713245745659,0.0271272713387002,0.0280954414806944
0.0496315090299584,-0.00552381715819576,0.0270079707410292,0.0276979504988034
0.0493899213866182,-0.00530057853576007,0.0268414075863939,0.0275013711591297
0.0492491733363899,-0.00507179560800682,0.0267809495853139,0.0271015894871707
0.0490804560513189,-0.00484875516368678,0.0268893296079761,0.0269050057686861
0.049007903179134,-0.00461991645889387,0.0266657408711008,0.0265074109851686
0.0490115602676264,-0.00439706867096952,0.0266028480684336,0.026312936013986
0.049007903179134,-0.00418878936969102,0.0262020313072997,0.0259119783131165
0.049284879152657,-0.00417429799665815,0.0256243766996068,0.0257153237561153
0.0492164123051481,-0.00415984762348347,0.025158781328152,0.0253187617307049
0.0493203827022191,-0.00414543825361846,0.0245834530462291,0.0251208832890812
0.0492481907243052,-0.00413106989050506,0.0240119274171732,0.0249242024692865
0.0491826854561415,-0.0043077523049054,0.0236057483140407,0.0247275202401322
0.0493836844561968,-0.00449309489718032,0.0234368028425564,0.024330923802995
0.0493836844561968,-0.00466993971752721,0.0233740298817159,0.0241342376872681
0.0492106909807389,-0.00485859657663233,0.0234228216438347,0.0237376337688561
0.0493109693749959,-0.00525219340778076,0.0233616592493957,0.0235409439363337
0.0492106909807389,-0.0054432985754316,0.0232012804830207,0.0231429661630484
0.049037696233296,-0.00584541639910191,0.0230354907446728,0.0229434761464265
0.0491340550375102,-0.00624464368573648,0.0227111498646824,0.0227424903438329
0.0492304680321174,-0.00644426043150027,0.0221062676428014,0.0225428077466537
0.0491508788130404,-0.00684636453024689,0.0211612802462833,0.0223400121211523
0.0492508607202632,-0.00724561348223476,0.0199307909595889,0.0221431079661591
0.0491748393172916,-0.00764487045214553,0.0187037622979609,0.0219431749018699
0.0492752198765534,-0.00783047418212322,0.0174701633783689,0.0217462686730597
0.0493790146257185,-0.00821576680416906,0.0171253266062101,0.0215493613741643
0.049310132503142,-0.00820736187582289,0.016885064570641,0.0213509214692426
0.0494212119687758,-0.00839308798462639,0.0169216925992523,0.0211555493243096
0.0492552395999513,-0.00857050069225206,0.0170049166171336,0.0209586802737555
0.0492622669582143,-0.00875634439198629,0.0171434930105307,0.0209571431490201
0.0487467553390659,-0.00894766427492102,0.0173592171998641,0.0207586943496876
0.0487398038560012,-0.00912805042874002,0.0173615748603597,0.020556594793118
0.0485561977277771,-0.00931402038707993,0.0173685656362304,0.0203566725401145
0.0486426877396888,-0.00951367181054882,0.0171050213327476,0.0201581358390196
0.0487290011695493,-0.00970796521479812,0.0169473738986967,0.0201611030620453
0.0490891820381084,-0.0100990114670026,0.0164429763083471,0.019962503831182
0.0493524918191187,-0.0102904052849149,0.0161111055027416,0.0199608615696498
0.0495250686080284,-0.0104818033903056,0.015782461118407,0.019762198919482
0.0498674020304934,-0.0106814703944246,0.0155084574073281,0.0197634220443726
0.0502094541702996,-0.0108811391908075,0.0152344814166664,0.019566380595772
0.0502058864217572,-0.0110808097674896,0.0151288214065464,0.0193664516476369
0.0504690401013805,-0.0114748709835885,0.0148537405396688,0.0193693383377202
0.0504654894726461,-0.0116663086253131,0.0144673275255871,0.0191728589861008
0.050562854435471,-0.0120491963790746,0.0142910880983182,0.0189776015454157
0.0506600883627793,-0.0122406464453577,0.0140090788592594,0.0187823841532143
0.0506565898090268,-0.0124104964563174,0.0138316659995189,0.0187871357585974
0.0505778781942363,-0.0127801816556328,0.0133746593303834,0.0183872768567102
0.0506001519796187,-0.0129445629547164,0.0131929566121173,0.0181891322694057
0.0505184640718059,-0.0128858353880904,0.0131773156208051,0.0179940151721293
0.0507136439917728,-0.0130482592107167,0.0130641673615439,0.0177940836335363
0.050736505707857,-0.0130064432887395,0.0130616023619932,0.0175990067066984
0.0507627601215518,-0.0129649550569793,0.0132306453780584,0.0171991405419479
0.0506165155258748,-0.0129283421249806,0.0132920425037909,0.0170041038860487
0.0502263542699646,-0.0126956557959841,0.0135629552662183,0.0166042338272142
0.0498334844477093,-0.0124736179198773,0.0135616381241073,0.0164079982073117
0.0493696222228863,-0.0120338027448655,0.0135558647489304,0.0162115118970475
0.0489115919499581,-0.011609964804812,0.0135545417882303,0.0158147295224582
0.0485248447347713,-0.0113782002263337,0.0136552290989329,0.0154166860237849
0.0483155188736591,-0.0107436771445067,0.0135474305306315,0.0152217727280296
0.0479605344617375,-0.0102971729325712,0.0135429702548679,0.0148218541699446
0.0476766272533087,-0.00965134006892649,0.0135995166696372,0.0144251057442467
0.0475965699425409,-0.00919796956357831,0.0136604449785952,0.0140283553238549
0.0472439486976147,-0.00856348961245228,0.0136146969583143,0.0136303667733367
0.0470614742810781,-0.0079453857598865,0.0136754461024992,0.0132355927645155
0.0468780599762766,-0.00711637519662906,0.0137315079380316,0.01283958363387
0.0464224316530834,-0.00647590033466881,0.0138941337684168,0.0124468724674902
0.04596558589365,-0.00581363869955493,0.0139499653779203,0.0120522424398081
0.0454058445370468,-0.00494843791774946,0.0140056679390265,0.011655630472473
0.044946662254525,-0.00427305500155714,0.0141757838663684,0.0112590173113085
0.0444566743194714,-0.00362674337957865,0.0143969186152533,0.0108624030753205
0.0443408029689173,-0.00299236284865047,0.0144570292893181,0.0104712143190923
0.0439500176685288,-0.00237574718093038,0.0146875067401869,0.0100767484277264
0.0439069767229028,-0.00194155003518548,0.0150896707439778,0.00968570481053208
0.0437622413889777,-0.00151044458810535,0.0152083134885356,0.00929134329635423
0.0437916061514189,-0.0010733602166117,0.0156053712851069,0.00890044554350203
0.0439939322886067,-0.000625886843370754,0.0160022914438775,0.00850618904064822
0.0443689779065108,-0.000392757942894617,0.016393946710356,0.00811314390670895
0.0446424484421644,-0.000176476794288657,0.0167905314402139,0.00772243540500349
0.0450879809511272,3.26787554126157e-05,0.0172939912408228,0.00733181096218024
0.0457070262869187,0.000234769554862943,0.0175165174543374,0.00713881614993717
0.0462246467185065,0.000446259012494468,0.0181828545161609,0.0069458223195349
0.0465712246162811,0.000265250590936704,0.0189133342681838,0.00655536677685692
0.0471181703573384,7.48372269035111e-05,0.0197474575346597,0.00636495607403919
0.0474922758047011,-0.000106436664917331,0.0204185117252902,0.00617720782519652
0.0478654330763316,-8.81873956768628e-05,0.0213649781902265,0.00598700253875285
0.0486867341891618,-0.000462713047974732,0.022145480648653,0.00579780473319733
0.0494073059960303,-0.000641584217538488,0.0229786210164955,0.00560860875415803
0.0499289525312065,-0.000830334808671077,0.023640591221761,0.00541941471511845
0.0504765983808459,-0.000826146742921426,0.0246419305612693,0.0052302227295562
0.050749715675705,-0.0010063548299415,0.0256999935455095,0.00503744596763264
0.0509524825515319,-0.000989119450236581,0.0270390897206453,0.00504820646236228
0.0510527946181804,-0.000957071457066909,0.0286495531839263,0.0048620438857551
0.0513252879773255,-0.000738688717678133,0.0300979503583652,0.00467963209015803
0.0515980411284259,-0.000720268765272446,0.0316632461284378,0.00449373722166841
0.0520435212323832,-0.000510518306802085,0.0332314962254565,0.00430882661745142
0.0528354173092282,-9.93234212510949e-05,0.0348027659826689,0.00411372190079518
0.0536285002568197,0.000118250546461494,0.0361395156558527,0.003899972132626
0.0543226140364343,0.000533107099824147,0.0376441467322406,0.00345021956383569
0.0552874545935582,0.000949835419036378,0.039345887222686,0.00276791705795011
0.0562541226612106,0.00156000400562445,0.0414477199817663,0.001665889080082
0.0571176428802182,0.00197034853072166,0.0441153713459432,0.00056844604170119
0.0580831283261544,0.00218837046722543,0.0474682567684318,-0.00111366826953125
0.0590450683485172,0.00260576677637238,0.051294071819464,-0.0029842476841358
0.0601813831227058,0.00281742029821802,0.0551498236996608,-0.00465680229722794
0.0615925687201998,0.00322709384882527,0.0588682393358543,-0.00633061202352768
0.0630738026797661,0.00343843779821747,0.0618756044061152,-0.00761484587681947
0.0649045240921246,0.00364262636762036,0.0648842016213928,-0.00910439921639293
0.0664622518683384,0.00405344336803379,0.0675519292817563,-0.0105728327609688
0.0680926443423114,0.00426293832317443,0.0701570515340274,-0.0118200690614743
0.0698211407300457,0.0046666990970663,0.0726367690404256,-0.0130681156574794
0.0715239579179572,0.00487220135442506,0.074978188706819,-0.014120940093262
0.0733963948747994,0.00487877584937944,0.077185479107231,-0.0151606559168537
0.0756143972291628,0.00469629819357598,0.0790458114365961,-0.0158081553857249
0.0780815540941632,0.00451701680672355,0.0807808148629638,-0.0160494317417588
0.0810446335033901,0.00414362532758532,0.0824108534956304,-0.016098451658588
0.0842606959885702,0.00357440120338903,0.0840546129925035,-0.0157359092523815
0.0878033292687383,0.0027955074643462,0.0854269039123571,-0.01553870153405
0.0915156928499788,0.00142527126398748,0.0864957965328002,-0.0150903781003984
0.0956673855144197,4.93581570561175e-05,0.0873976394414846,-0.0146068899251647
0.099713540004764,-0.00173149480235368,0.0882435223018663,-0.0139138595287451
0.104610249222486,-0.00372579923601005,0.0890393363220717,-0.013027603736231
0.110184308701163,-0.00611647965327216,0.0892574883861054,-0.0119538947737506
0.115823378764953,-0.00851179681285284,0.0900228709365034,-0.0106860461104023
0.121403619547735,-0.0114910474386546,0.0910598336838519,-0.00939532620667201
0.125704407459116,-0.0144625460833293,0.0915655530685347,-0.00829627052073471
0.12909660600622,-0.0174286888152101,0.0915520634861373,-0.00701081680665164
0.131091326037196,-0.0200039698911221,0.0916355009732959,-0.00593150209567114
0.132612455013138,-0.0219992058337788,0.0921682562452995,-0.00484335908850805
0.133511372916348,-0.0232061372221962,0.0935461254766133,-0.00391798944298707
0.134002562090101,-0.023809406878436,0.095102852314459,-0.00336332458761558
0.134243413697184,-0.0236032930394894,0.0964870951297487,-0.00247968068151153
0.134387345045971,-0.0227783168336047,0.0983212717867481,-0.00177060204249779
0.134530749382646,-0.0213347356755365,0.09979218550344,-0.000715679312723805
0.134676167031686,-0.0192918606293789,0.10087992640681,0.000181320072277859
0.135306376608187,-0.0166493759701305,0.101664773588342,0.000966768116331691
0.136735068665462,-0.0138072216289343,0.102687997651884,0.00197577987440501
0.138577896535615,-0.010975095243971,0.103305118722729,0.00295298472936962
0.141294987820858,-0.00814511954771926,0.104286619989889,0.0040674304803412
0.144355478276595,-0.00532646213588316,0.105048229122753,0.00534074199053366
0.147798599569768,-0.00271223598331925,0.106103646302601,0.00684421840022039
0.15110240270716,-0.000703882086222074,0.107018806667881,0.0081795322763302
0.154411303410745,0.000285184410524116,0.107986175259833,0.00970589080325935
0.157570056325775,-0.000382835303194204,0.108724597894603,0.0114067246619911
0.161011031032595,-0.00275076781287998,0.109267538183093,0.0132981592379064
0.164563291263603,-0.00575285678554177,0.109799794489582,0.0149980109855993
0.168433272890263,-0.00975688709210209,0.110508438189517,0.0167297674645147
0.172429254196882,-0.0147155509701774,0.111412422485315,0.018279296003584
0.176206071379726,-0.0208318291271756,0.112306070932716,0.01981687735418
0.17977502597534,-0.028327919582757,0.113438681102684,0.0211559098732725
0.183108506628868,-0.0361946113169836,0.114917141141774,0.0221280361995162
0.185999351239863,-0.0442508132038764,0.116649035538362,0.0229313224089681
0.188777582253156,-0.0531018928842541,0.118711630578585,0.0235765920492724
0.191511671716551,-0.062140608434248,0.120982610263412,0.0238126031063706
0.194725237753889,-0.0713762386275801,0.123284408448526,0.0238222949065917
0.198396286554944,-0.0812471784405463,0.125997540019027,0.0238088807037958
0.203053421668216,-0.0920170924300742,0.128910936866608,0.023808539460687
0.208483531845809,-0.102955290769816,0.132137684523998,0.0233983612352583
0.214748239705133,-0.114288022384041,0.134953470636414,0.0229793077779322
0.221178312765922,-0.125909365705751,0.137625856908814,0.0223353622129475
0.227140286957318,-0.13819119269449,0.140262295246485,0.0216405804818717
0.231905447478548,-0.15082964316575,0.14257616433882,0.0207134046865892
0.235062566831731,-0.164093197766056,0.14515876903484,0.0191970733489252
0.237244775183748,-0.17795789961165,0.14815371494237,0.0174953841955982
0.237628847925639,-0.191891702291358,0.151544351019011,0.0153640592869894
0.237330754411399,-0.206137885015147,0.155090458525041,0.0129658555105549
0.236491017925716,-0.220088384142078,0.159179855613809,0.0101070697016468
0.235126855503349,-0.233563884056336,0.163826484294249,0.00703775510492621
0.233455091774207,-0.246184655386701,0.168944836636802,0.00358673720406109
0.231593299944894,-0.258073721077977,0.174222556287518,-3.80220441943631e-05
0.229316586077878,-0.268699322452988,0.179702400617787,-0.00366768394867608
0.226599035576832,-0.277816475938291,0.185499910101458,-0.00771205260430474
0.223434696713321,-0.285819917139694,0.191070323774862,-0.0119391790471921
0.219756371972589,-0.291840233344507,0.196588662440434,-0.0163854570697294
0.215890926566581,-0.296486280450616,0.202535965480542,-0.0204470750023575
0.211474647541973,-0.300113831024449,0.208080002321915,-0.0248781404120915
0.206625165778832,-0.302265334140227,0.213597899612529,-0.028887486489051
0.201599023684364,-0.303245898786501,0.218710763466938,-0.0328648701990937
0.195964732190219,-0.304115186945538,0.224050682729602,-0.0368056850537945
0.189999819678527,-0.303793869404716,0.228859073710718,-0.0405203954617466
0.183789052152151,-0.302596729135225,0.233242114032633,-0.044071141452503
0.177303371232917,-0.300592113183887,0.237602014181986,-0.0470579369572269
0.170263966631579,-0.298495130596827,0.242030875217331,-0.0496132501232656
0.16311280520872,-0.296215119437775,0.246747728649926,-0.0523326642748568
0.156017526555629,-0.293756658448961,0.251525740445229,-0.054780691685852
